shipdate,productid,orderid,totalprice,PRODUCTID,PRODUCTGROUPNAME,campaignid,shipyear,freeshippingflag,channel,log_totalprice
2013-11-15 00:00:00,11124,1083968,26.96,11124,APPAREL,2236,2013,N,WEB,3.2943542860441064
2014-08-20 00:00:00,12510,1141183,0.0,12510,APPAREL,2180,2014,N,PARTNER,-inf
2015-06-29 00:00:00,13144,1330149,23.95,13144,APPAREL,2235,2015,N,PARTNER,3.175968323856924
2016-08-22 00:00:00,14026,1623132,15.0,14026,APPAREL,2236,2016,N,WEB,2.70805020110221
2014-09-15 00:00:00,12510,1143999,26.95,12510,APPAREL,2141,2014,N,PARTNER,3.2939832973550063
2011-12-14 00:00:00,11154,1054451,15.95,11154,APPAREL,2236,2011,N,WEB,2.7694588292308535
2013-12-02 00:00:00,11016,1091310,10.95,11016,APPAREL,2236,2013,N,WEB,2.3933394562625097
2014-11-07 00:00:00,12952,1162114,15.95,12952,APPAREL,2076,2014,Y,AD,2.7694588292308535
2015-05-27 00:00:00,13144,1305432,23.95,13144,APPAREL,2235,2015,N,PARTNER,3.175968323856924
2012-09-20 00:00:00,11153,1045664,15.95,11153,APPAREL,2173,2012,N,AD,2.7694588292308535
2014-12-16 00:00:00,12845,1192140,26.95,12845,APPAREL,2141,2014,N,PARTNER,3.2939832973550063
2014-08-20 00:00:00,12510,1143431,26.95,12510,APPAREL,2141,2014,N,PARTNER,3.2939832973550063
2015-12-13 00:00:00,13334,1446515,32.95,13334,APPAREL,2236,2015,N,WEB,3.4949912609485163
2014-01-29 00:00:00,11016,1093801,10.95,11016,APPAREL,2236,2014,N,WEB,2.3933394562625097
2016-06-23 00:00:00,13967,1585195,12.95,13967,APPAREL,2173,2016,N,AD,2.5610957881455465
2015-06-03 00:00:00,11126,1310288,27.96,11126,APPAREL,2103,2015,Y,WEB,3.3307749173656096
2016-06-13 00:00:00,13973,1577173,12.95,13973,APPAREL,2173,2016,N,AD,2.5610957881455465
2013-12-17 00:00:00,11125,1111994,59.9,11125,APPAREL,2236,2013,N,WEB,4.092676505121403
2014-08-20 00:00:00,12510,1140169,26.95,12510,APPAREL,2141,2014,N,PARTNER,3.2939832973550063
2014-09-11 00:00:00,12510,1145221,0.0,12510,APPAREL,2180,2014,N,PARTNER,-inf
2014-08-20 00:00:00,12510,1141213,0.0,12510,APPAREL,2180,2014,N,PARTNER,-inf
2016-06-20 00:00:00,13974,1582155,38.85,13974,APPAREL,2173,2016,N,AD,3.6597080768136565
2014-11-12 00:00:00,12842,1165005,29.95,12842,APPAREL,2236,2014,N,WEB,3.3995293245614584
2013-10-09 00:00:00,10824,1106876,32.36,10824,APPAREL,2236,2013,N,WEB,3.4769230921902907
2014-08-19 00:00:00,12510,1143499,26.95,12510,APPAREL,2141,2014,N,PARTNER,3.2939832973550063
2014-09-15 00:00:00,12510,1144928,0.0,12510,APPAREL,2180,2014,N,PARTNER,-inf
2015-06-17 00:00:00,13160,1320198,14.99,13160,APPAREL,2236,2015,N,WEB,2.7073833121145063
2013-12-23 00:00:00,11153,1093071,15.95,11153,APPAREL,2236,2013,N,WEB,2.7694588292308535
2014-08-20 00:00:00,12510,1141527,0.0,12510,APPAREL,2180,2014,N,PARTNER,-inf
2016-04-06 00:00:00,11016,1528132,12.95,11016,APPAREL,2236,2016,N,WEB,2.5610957881455465
2014-11-14 00:00:00,12831,1167068,32.67,12831,APPAREL,2141,2014,N,PARTNER,3.4864572256129787
2014-03-20 00:00:00,11155,1107713,15.95,11155,APPAREL,2236,2014,N,WEB,2.7694588292308535
2013-12-19 00:00:00,11126,1069970,29.95,11126,APPAREL,2236,2013,N,WEB,3.3995293245614584
2013-11-14 00:00:00,10823,1081505,32.35,10823,APPAREL,2141,2013,N,PARTNER,3.4766140209469096
2014-08-20 00:00:00,12510,1141040,0.0,12510,APPAREL,2010,2014,N,INSERT,-inf
2014-08-04 00:00:00,11016,1143670,69.9,11016,APPAREL,2141,2014,N,PARTNER,4.247065649239764
2016-06-13 00:00:00,13973,1577117,12.95,13973,APPAREL,2173,2016,N,AD,2.5610957881455465
2015-02-11 00:00:00,10824,1237002,32.4,10824,APPAREL,2141,2015,N,PARTNER,3.4781584227982836
2014-10-14 00:00:00,12510,1149378,0.0,12510,APPAREL,2180,2014,N,PARTNER,-inf
2010-07-28 00:00:00,10361,1011894,175.0,10361,ARTWORK,2141,2010,N,PARTNER,5.1647859739235145
2012-05-14 00:00:00,10668,1058151,175.0,10668,ARTWORK,2141,2012,N,PARTNER,5.1647859739235145
2010-01-06 00:00:00,11045,1036580,10.0,11045,ARTWORK,2173,2010,N,AD,2.302585092994046
2013-02-21 00:00:00,10479,1084167,333.75,10479,ARTWORK,2236,2013,N,WEB,5.810392209714459
2012-11-12 00:00:00,10475,1053047,173.55,10475,ARTWORK,2236,2012,N,WEB,5.1564657423077955
2016-01-19 00:00:00,10316,1474115,195.0,10316,ARTWORK,2236,2016,N,WEB,5.272999558563747
2015-12-17 00:00:00,10935,1453163,175.5,10935,ARTWORK,2141,2015,N,PARTNER,5.167639042905921
2011-05-24 00:00:00,11053,1040415,11.0,11053,ARTWORK,2178,2011,N,INSERT,2.3978952727983707
2015-03-30 00:00:00,10090,1271996,175.5,10090,ARTWORK,2141,2015,N,PARTNER,5.167639042905921
2011-02-10 00:00:00,11009,1001509,20.0,11009,ARTWORK,2141,2011,N,PARTNER,2.995732273553991
2013-12-16 00:00:00,11414,1074821,175.5,11414,ARTWORK,2236,2013,N,WEB,5.167639042905921
2015-05-07 00:00:00,10628,1300145,306.0,10628,ARTWORK,2141,2015,N,PARTNER,5.723585101952381
2011-07-31 00:00:00,10022,1047749,173.55,10022,ARTWORK,2236,2011,N,WEB,5.1564657423077955
2011-02-10 00:00:00,11009,1037715,20.0,11009,ARTWORK,2173,2011,N,AD,2.995732273553991
2015-01-27 00:00:00,12925,1226009,175.5,12925,ARTWORK,2141,2015,N,PARTNER,5.167639042905921
2014-06-19 00:00:00,10198,1119580,306.0,10198,ARTWORK,2141,2014,N,PARTNER,5.723585101952381
2010-11-29 00:00:00,11052,1038257,20.0,11052,ARTWORK,2173,2010,N,AD,2.995732273553991
2016-01-11 00:00:00,12171,1467153,40.45,12171,ARTWORK,2141,2016,N,PARTNER,3.700066643504501
2013-06-07 00:00:00,11066,1089739,18.51,11066,ARTWORK,2236,2013,N,WEB,2.9183111265854063
2011-01-07 00:00:00,11009,1005703,10.0,11009,ARTWORK,2141,2011,N,PARTNER,2.302585092994046
2015-06-21 00:00:00,11334,1329144,432.0,11334,ARTWORK,2012,2015,N,AD,6.068425588244111
2015-07-13 00:00:00,12903,1343126,486.0,12903,ARTWORK,2141,2015,N,PARTNER,6.186208623900494
2016-03-30 00:00:00,10167,1524161,375.0,10167,ARTWORK,2236,2016,N,WEB,5.926926025970411
2015-06-22 00:00:00,12825,1324197,89.95,12825,ARTWORK,2236,2015,N,WEB,4.499253960396542
2013-04-15 00:00:00,11054,1093163,12.95,11054,ARTWORK,2236,2013,N,WEB,2.5610957881455465
2011-01-07 00:00:00,11009,1006275,10.0,11009,ARTWORK,2173,2011,N,AD,2.302585092994046
2013-11-04 00:00:00,11366,1075822,323.0,11366,ARTWORK,2141,2013,N,PARTNER,5.777652323222656
2010-04-12 00:00:00,10361,1008699,175.0,10361,ARTWORK,2141,2010,N,PARTNER,5.1647859739235145
2015-09-23 00:00:00,13079,1392115,1150.0,13079,ARTWORK,2236,2015,N,WEB,7.047517221357296
2010-11-10 00:00:00,10361,1033013,175.0,10361,ARTWORK,2141,2010,N,PARTNER,5.1647859739235145
2014-06-11 00:00:00,10787,1117549,306.0,10787,ARTWORK,2141,2014,N,PARTNER,5.723585101952381
2016-06-09 00:00:00,11856,1576129,0.0,11856,ARTWORK,2141,2016,N,PARTNER,-inf
2015-12-11 00:00:00,11410,1454146,405.0,11410,ARTWORK,2015,2015,N,PARTNER,6.003887067106539
2011-10-19 00:00:00,11023,1075466,175.0,11023,ARTWORK,2141,2011,N,PARTNER,5.1647859739235145
2011-01-04 00:00:00,11009,1032149,10.0,11009,ARTWORK,2173,2011,N,AD,2.302585092994046
2016-04-29 00:00:00,12171,1547139,40.45,12171,ARTWORK,2141,2016,N,PARTNER,3.700066643504501
2016-07-25 00:00:00,13907,1605198,175.5,13907,ARTWORK,2141,2016,N,PARTNER,5.167639042905921
2015-07-27 00:00:00,13077,1342204,1066.83,13077,ARTWORK,2141,2015,N,PARTNER,6.972446913397272
2011-02-04 00:00:00,10022,1015029,173.55,10022,ARTWORK,2236,2011,N,WEB,5.1564657423077955
2012-09-18 00:00:00,10640,1043598,195.0,10640,ARTWORK,2236,2012,N,WEB,5.272999558563747
2014-12-18 00:00:00,11917,1220094,175.5,11917,ARTWORK,2141,2014,N,PARTNER,5.167639042905921
2013-12-09 00:00:00,10157,1108914,195.0,10157,ARTWORK,2236,2013,N,WEB,5.272999558563747
2016-03-12 00:00:00,13123,1508149,175.5,13123,ARTWORK,2141,2016,N,PARTNER,5.167639042905921
2016-03-03 00:00:00,11050,1504142,12.95,11050,ARTWORK,2236,2016,N,WEB,2.5610957881455465
2016-03-23 00:00:00,12395,1539179,0.0,12395,ARTWORK,2236,2016,N,WEB,-inf
2015-03-30 00:00:00,10165,1272004,195.0,10165,ARTWORK,2173,2015,N,AD,5.272999558563747
2016-07-25 00:00:00,13997,1603179,445.5,13997,ARTWORK,2141,2016,N,PARTNER,6.099197246910864
2011-08-08 00:00:00,11064,1035522,22.5,11064,ARTWORK,2141,2011,N,PARTNER,3.1135153092103742
2016-07-12 00:00:00,13950,1596144,445.5,13950,ARTWORK,2141,2016,N,PARTNER,6.099197246910864
2013-09-10 00:00:00,11052,1103789,11.66,11052,ARTWORK,2236,2013,N,WEB,2.4561641809223462
2015-09-28 00:00:00,12826,1392196,119.95,12826,ARTWORK,2236,2015,N,WEB,4.787074989285704
2015-12-02 00:00:00,13594,1439162,175.5,13594,ARTWORK,2141,2015,N,PARTNER,5.167639042905921
2010-11-29 00:00:00,11052,1023072,10.0,11052,ARTWORK,2173,2010,N,AD,2.302585092994046
2011-03-07 00:00:00,11009,1021327,10.0,11009,ARTWORK,2173,2011,N,AD,2.302585092994046
2014-12-08 00:00:00,12826,1186429,99.95,12826,ARTWORK,2236,2014,N,WEB,4.604670060946409
2015-06-07 00:00:00,12826,1312292,107.95,12826,ARTWORK,2141,2015,N,PARTNER,4.681668156960816
2012-06-25 00:00:00,11053,1060501,11.65,11053,ARTWORK,2141,2012,N,PARTNER,2.4553061800117097
2016-07-22 00:00:00,12826,1602147,119.95,12826,ARTWORK,2236,2016,N,WEB,4.787074989285704
2014-08-11 00:00:00,10598,1141131,195.0,10598,ARTWORK,2173,2014,N,AD,5.272999558563747
2015-12-02 00:00:00,12514,1439228,195.0,12514,ARTWORK,2116,2015,Y,AD,5.272999558563747
2014-11-13 00:00:00,12511,1166040,0.0,12511,ARTWORK,2141,2014,N,PARTNER,-inf
2014-05-06 00:00:00,11568,1105991,195.0,11568,ARTWORK,2236,2014,N,WEB,5.272999558563747
2011-03-28 00:00:00,11009,1024182,10.0,11009,ARTWORK,2173,2011,N,AD,2.302585092994046
2011-05-10 00:00:00,11053,1033849,11.0,11053,ARTWORK,2178,2011,N,INSERT,2.3978952727983707
2015-04-19 00:00:00,13039,1275992,306.0,13039,ARTWORK,2141,2015,N,PARTNER,5.723585101952381
2013-12-17 00:00:00,10460,1079347,340.0,10460,ARTWORK,2236,2013,N,WEB,5.8289456176102075
2011-01-29 00:00:00,11009,1026332,50.0,11009,ARTWORK,2173,2011,N,AD,3.912023005428146
2011-01-29 00:00:00,11009,1034536,10.0,11009,ARTWORK,2173,2011,N,AD,2.302585092994046
2013-07-02 00:00:00,10650,1092013,720.0,10650,ARTWORK,2141,2013,N,PARTNER,6.579251212010101
2016-03-21 00:00:00,13898,1524182,0.0,13898,ARTWORK,2236,2016,N,WEB,-inf
2010-05-12 00:00:00,10685,1004838,175.0,10685,ARTWORK,2141,2010,N,PARTNER,5.1647859739235145
2014-09-25 00:00:00,11323,1146021,306.0,11323,ARTWORK,2150,2014,Y,CATALOG,5.723585101952381
2011-12-15 00:00:00,11067,1056041,22.25,11067,ARTWORK,2236,2011,N,WEB,3.1023420086122493
2011-01-29 00:00:00,11009,1026400,10.0,11009,ARTWORK,2173,2011,N,AD,2.302585092994046
2010-06-14 00:00:00,10361,1008007,175.0,10361,ARTWORK,2141,2010,N,PARTNER,5.1647859739235145
2014-10-24 00:00:00,11642,1151297,337.5,11642,ARTWORK,2141,2014,N,PARTNER,5.821565510312585
2014-12-24 00:00:00,12069,1208996,175.5,12069,ARTWORK,2141,2014,N,PARTNER,5.167639042905921
2015-09-08 00:00:00,12826,1378124,89.95,12826,ARTWORK,2236,2015,N,WEB,4.499253960396542
2011-03-22 00:00:00,10786,1021547,390.0,10786,ARTWORK,2173,2011,N,AD,5.966146739123692
2011-01-04 00:00:00,11009,1031776,10.0,11009,ARTWORK,2173,2011,N,AD,2.302585092994046
2015-08-30 00:00:00,10143,1378178,340.0,10143,ARTWORK,2236,2015,N,WEB,5.8289456176102075
2011-01-06 00:00:00,11009,1002476,20.0,11009,ARTWORK,2141,2011,N,PARTNER,2.995732273553991
2010-03-19 00:00:00,11048,1036517,0.0,11048,ARTWORK,2173,2010,N,AD,-inf
2011-05-10 00:00:00,11053,1033801,11.65,11053,ARTWORK,2141,2011,N,PARTNER,2.4553061800117097
2013-03-18 00:00:00,10138,1087327,175.5,10138,ARTWORK,2141,2013,N,PARTNER,5.167639042905921
2015-03-16 00:00:00,10773,1263214,500.0,10773,ARTWORK,2236,2015,N,WEB,6.214608098422191
2011-02-18 00:00:00,11009,1015876,10.0,11009,ARTWORK,2173,2011,N,AD,2.302585092994046
2015-06-30 00:00:00,10168,1339174,540.0,10168,ARTWORK,2236,2015,N,WEB,6.29156913955832
2011-02-12 00:00:00,11009,1029419,20.0,11009,ARTWORK,2173,2011,N,AD,2.995732273553991
2011-01-07 00:00:00,11009,1009931,10.0,11009,ARTWORK,2141,2011,N,PARTNER,2.302585092994046
2013-11-18 00:00:00,11570,1083951,745.0,11570,ARTWORK,2173,2013,N,AD,6.61338421837956
2014-07-09 00:00:00,12095,1122496,175.5,12095,ARTWORK,2141,2014,N,PARTNER,5.167639042905921
2012-12-05 00:00:00,10640,1062683,175.5,10640,ARTWORK,2141,2012,N,PARTNER,5.167639042905921
2011-01-06 00:00:00,11009,1034728,10.0,11009,ARTWORK,2173,2011,N,AD,2.302585092994046
2011-10-04 00:00:00,10800,1070066,195.0,10800,ARTWORK,2173,2011,N,AD,5.272999558563747
2016-05-09 00:00:00,13714,1557177,486.0,13714,ARTWORK,2141,2016,N,PARTNER,6.186208623900494
2016-07-08 00:00:00,12826,1594155,119.95,12826,ARTWORK,2236,2016,N,WEB,4.787074989285704
2011-11-09 00:00:00,11027,1054526,175.0,11027,ARTWORK,2141,2011,N,PARTNER,5.1647859739235145
2011-01-25 00:00:00,11009,1009683,30.0,11009,ARTWORK,2173,2011,N,AD,3.4011973816621555
2015-04-09 00:00:00,13056,1270021,306.0,13056,ARTWORK,2141,2015,N,PARTNER,5.723585101952381
2012-11-23 00:00:00,10642,1056931,265.5,10642,ARTWORK,2141,2012,N,PARTNER,5.581614840681993
2015-08-02 00:00:00,12825,1354159,80.95,12825,ARTWORK,2141,2015,N,PARTNER,4.393831680123644
2011-12-18 00:00:00,11066,1057256,22.25,11066,ARTWORK,2236,2011,N,WEB,3.1023420086122493
2014-01-24 00:00:00,11569,1093433,495.0,11569,ARTWORK,2236,2014,N,WEB,6.20455776256869
2013-08-07 00:00:00,10207,1100680,306.0,10207,ARTWORK,2236,2013,N,WEB,5.723585101952381
2010-11-29 00:00:00,11052,1006011,10.0,11052,ARTWORK,2141,2010,N,PARTNER,2.302585092994046
2011-11-10 00:00:00,11051,1077454,12.95,11051,ARTWORK,2236,2011,N,WEB,2.5610957881455465
2011-11-30 00:00:00,11009,1042591,40.0,11009,ARTWORK,2141,2011,N,PARTNER,3.6888794541139363
2015-10-18 00:00:00,12826,1405210,107.95,12826,ARTWORK,2141,2015,N,PARTNER,4.681668156960816
2015-12-14 00:00:00,12466,1444168,375.0,12466,ARTWORK,2236,2015,N,WEB,5.926926025970411
2013-08-12 00:00:00,10361,1100881,195.0,10361,ARTWORK,2173,2013,N,AD,5.272999558563747
2016-03-28 00:00:00,10624,1529162,306.0,10624,ARTWORK,2141,2016,N,PARTNER,5.723585101952381
2013-06-21 00:00:00,10934,1089500,486.0,10934,ARTWORK,2141,2013,N,PARTNER,6.186208623900494
2015-11-08 00:00:00,11272,1421158,495.0,11272,ARTWORK,2173,2015,N,AD,6.20455776256869
2012-03-29 00:00:00,10069,1053330,175.0,10069,ARTWORK,2141,2012,N,PARTNER,5.1647859739235145
2016-07-13 00:00:00,12274,1598122,175.5,12274,ARTWORK,2141,2016,N,PARTNER,5.167639042905921
2015-10-11 00:00:00,12288,1402163,195.0,12288,ARTWORK,2236,2015,N,WEB,5.272999558563747
2014-03-19 00:00:00,11679,1106370,175.5,11679,ARTWORK,2141,2014,N,PARTNER,5.167639042905921
2010-10-22 00:00:00,10361,1029657,175.0,10361,ARTWORK,2141,2010,N,PARTNER,5.1647859739235145
2015-09-03 00:00:00,12825,1376126,89.95,12825,ARTWORK,2236,2015,N,WEB,4.499253960396542
2014-01-13 00:00:00,10023,1089567,340.0,10023,ARTWORK,2236,2014,N,WEB,5.8289456176102075
2015-11-15 00:00:00,13095,1431221,0.0,13095,ARTWORK,2141,2015,N,PARTNER,-inf
2011-02-12 00:00:00,11009,1024325,30.0,11009,ARTWORK,2141,2011,N,PARTNER,3.4011973816621555
2013-02-13 00:00:00,10178,1086094,175.5,10178,ARTWORK,2141,2013,N,PARTNER,5.167639042905921
2012-12-10 00:00:00,11049,1060089,12.95,11049,ARTWORK,2236,2012,N,WEB,2.5610957881455465
2012-01-18 00:00:00,11054,1065085,12.95,11054,ARTWORK,2236,2012,N,WEB,2.5610957881455465
2015-04-06 00:00:00,12976,1283010,596.0,12976,ARTWORK,2076,2015,Y,AD,6.39024066706535
2011-06-02 00:00:00,10165,1038927,175.0,10165,ARTWORK,2178,2011,N,INSERT,5.1647859739235145
2014-09-09 00:00:00,12825,1146200,80.96,12825,ARTWORK,2141,2014,N,PARTNER,4.3939552055391555
2016-04-18 00:00:00,13658,1544175,340.0,13658,ARTWORK,2236,2016,N,WEB,5.8289456176102075
2014-01-06 00:00:00,11199,1090688,395.0,11199,ARTWORK,2236,2014,N,WEB,5.978885764901122
2014-11-18 00:00:00,10142,1171082,195.0,10142,ARTWORK,2236,2014,N,WEB,5.272999558563747
2016-07-25 00:00:00,13947,1603169,495.0,13947,ARTWORK,2236,2016,N,WEB,6.20455776256869
2014-12-18 00:00:00,11940,1220065,195.0,11940,ARTWORK,2236,2014,N,WEB,5.272999558563747
2013-05-13 00:00:00,10123,1100594,175.5,10123,ARTWORK,2236,2013,N,WEB,5.167639042905921
2013-11-26 00:00:00,11064,1086838,18.51,11064,ARTWORK,2236,2013,N,WEB,2.9183111265854063
2016-03-15 00:00:00,11537,1518130,355.5,11537,ARTWORK,2141,2016,N,PARTNER,5.873525249243295
2016-02-24 00:00:00,13279,1505159,340.0,13279,ARTWORK,2236,2016,N,WEB,5.8289456176102075
2012-07-25 00:00:00,10090,1065362,175.0,10090,ARTWORK,2141,2012,N,PARTNER,5.1647859739235145
2011-01-25 00:00:00,11009,1033907,0.0,11009,ARTWORK,2141,2011,N,PARTNER,-inf
2016-03-15 00:00:00,12614,1518160,306.0,12614,ARTWORK,2141,2016,N,PARTNER,5.723585101952381
2012-10-26 00:00:00,10197,1050513,173.55,10197,ARTWORK,2236,2012,N,WEB,5.1564657423077955
2015-08-03 00:00:00,12172,1355167,49.45,12172,ARTWORK,2141,2015,N,PARTNER,3.900962058068721
2010-12-20 00:00:00,11052,1006470,0.0,11052,ARTWORK,2141,2010,N,PARTNER,-inf
2016-08-16 00:00:00,14011,1624171,250.0,14011,ARTWORK,2173,2016,N,AD,5.521460917862246
2012-12-26 00:00:00,10361,1069644,175.5,10361,ARTWORK,2141,2012,N,PARTNER,5.167639042905921
2016-02-09 00:00:00,13599,1483158,306.0,13599,ARTWORK,2141,2016,N,PARTNER,5.723585101952381
2014-03-04 00:00:00,11556,1110103,495.0,11556,ARTWORK,2236,2014,N,WEB,6.20455776256869
2011-08-14 00:00:00,10224,1049515,175.0,10224,ARTWORK,2141,2011,N,PARTNER,5.1647859739235145
2012-12-20 00:00:00,11054,1064931,12.95,11054,ARTWORK,2236,2012,N,WEB,2.5610957881455465
2013-01-11 00:00:00,10475,1072735,195.0,10475,ARTWORK,2236,2013,N,WEB,5.272999558563747
2015-06-16 00:00:00,10434,1268039,540.0,10434,ARTWORK,2236,2015,N,WEB,6.29156913955832
2015-10-04 00:00:00,12171,1396146,40.45,12171,ARTWORK,2141,2015,N,PARTNER,3.700066643504501
2010-09-01 00:00:00,11051,1016730,7.5,11051,ARTWORK,2141,2010,N,PARTNER,2.0149030205422647
2015-01-09 00:00:00,10595,1216997,340.0,10595,ARTWORK,2173,2015,N,AD,5.8289456176102075
2015-07-06 00:00:00,12171,1335192,40.45,12171,ARTWORK,2141,2015,N,PARTNER,3.700066643504501
2012-11-07 00:00:00,10676,1050393,340.0,10676,ARTWORK,2141,2012,N,PARTNER,5.8289456176102075
2011-11-14 00:00:00,11023,1039212,175.0,11023,ARTWORK,2141,2011,N,PARTNER,5.1647859739235145
2015-10-14 00:00:00,11703,1409138,229.5,11703,ARTWORK,2141,2015,N,PARTNER,5.4359030295006
2016-06-02 00:00:00,13950,1573306,0.0,13950,ARTWORK,2173,2016,N,AD,-inf
2011-02-07 00:00:00,11009,1037855,10.0,11009,ARTWORK,2141,2011,N,PARTNER,2.302585092994046
2016-03-23 00:00:00,13527,1536200,69.95,13527,ARTWORK,2236,2016,N,WEB,4.24778070111149
2014-05-28 00:00:00,10198,1109973,306.0,10198,ARTWORK,2141,2014,N,PARTNER,5.723585101952381
2012-04-12 00:00:00,11067,1052128,45.0,11067,ARTWORK,2141,2012,N,PARTNER,3.8066624897703196
2010-11-23 00:00:00,10114,1001957,175.0,10114,ARTWORK,2141,2010,N,PARTNER,5.1647859739235145
2014-09-02 00:00:00,11600,1144795,306.0,11600,ARTWORK,2141,2014,N,PARTNER,5.723585101952381
2010-09-17 00:00:00,10018,1021661,175.0,10018,ARTWORK,2141,2010,N,PARTNER,5.1647859739235145
2013-01-08 00:00:00,10640,1072089,351.0,10640,ARTWORK,2141,2013,N,PARTNER,5.860786223465865
2011-01-13 00:00:00,11052,1002682,10.0,11052,ARTWORK,2173,2011,N,AD,2.302585092994046
2016-02-07 00:00:00,12117,1463233,375.0,12117,ARTWORK,2236,2016,N,WEB,5.926926025970411
2014-12-05 00:00:00,10640,1186530,175.5,10640,ARTWORK,2141,2014,N,PARTNER,5.167639042905921
2014-11-18 00:00:00,12172,1171222,54.95,12172,ARTWORK,2173,2014,N,AD,4.006423680849631
2011-10-03 00:00:00,11053,1072951,11.65,11053,ARTWORK,2141,2011,N,PARTNER,2.4553061800117097
2013-11-11 00:00:00,11024,1079305,306.0,11024,ARTWORK,2141,2013,N,PARTNER,5.723585101952381
2013-11-12 00:00:00,11064,1080801,9.95,11064,ARTWORK,2079,2013,N,WEB,2.2975725511705014
2011-07-19 00:00:00,10640,1045903,175.0,10640,ARTWORK,2141,2011,N,PARTNER,5.1647859739235145
2014-08-14 00:00:00,11437,1143142,340.0,11437,ARTWORK,2119,2014,Y,AD,5.8289456176102075
2016-03-12 00:00:00,10592,1508150,195.0,10592,ARTWORK,2236,2016,N,WEB,5.272999558563747
2012-03-01 00:00:00,11064,1044896,22.25,11064,ARTWORK,2236,2012,N,WEB,3.1023420086122493
2012-04-25 00:00:00,10018,1053011,195.0,10018,ARTWORK,2236,2012,N,WEB,5.272999558563747
2010-11-29 00:00:00,11052,1000762,10.0,11052,ARTWORK,2141,2010,N,PARTNER,2.302585092994046
2012-11-09 00:00:00,10640,1052525,37.0,10640,ARTWORK,2215,2012,N,EMPLOYEE,3.6109179126442243
2015-11-03 00:00:00,12465,1422115,306.0,12465,ARTWORK,2141,2015,N,PARTNER,5.723585101952381
2010-11-23 00:00:00,11050,1038722,10.0,11050,ARTWORK,2141,2010,N,PARTNER,2.302585092994046
2014-05-13 00:00:00,10367,1108086,175.5,10367,ARTWORK,2141,2014,N,PARTNER,5.167639042905921
2013-07-03 00:00:00,11199,1092123,335.75,11199,ARTWORK,2095,2013,N,EMPLOYEE,5.816366835403347
2016-08-04 00:00:00,12826,1611121,119.95,12826,ARTWORK,2173,2016,N,AD,4.787074989285704
2014-11-24 00:00:00,10508,1181243,486.0,10508,ARTWORK,2141,2014,N,PARTNER,6.186208623900494
2013-06-14 00:00:00,10627,1088812,175.5,10627,ARTWORK,2141,2013,N,PARTNER,5.167639042905921
2014-05-16 00:00:00,11437,1108278,340.0,11437,ARTWORK,2236,2014,N,WEB,5.8289456176102075
2011-02-12 00:00:00,11009,1003385,20.0,11009,ARTWORK,2141,2011,N,PARTNER,2.995732273553991
2014-11-11 00:00:00,10597,1161181,540.0,10597,ARTWORK,2236,2014,N,WEB,6.29156913955832
2014-07-02 00:00:00,11206,1121870,195.0,11206,ARTWORK,2236,2014,N,WEB,5.272999558563747
2015-04-06 00:00:00,12826,1276132,119.95,12826,ARTWORK,2236,2015,N,WEB,4.787074989285704
2014-11-25 00:00:00,12487,1176016,25.15,12487,BOOK,2141,2014,N,PARTNER,3.224857896545748
2015-12-17 00:00:00,11055,1451141,26.0,11055,BOOK,2184,2015,N,EMPLOYEE,3.258096538021482
2015-02-19 00:00:00,12483,1243033,23.4,12483,BOOK,2065,2015,N,AD,3.152736022363656
2013-09-10 00:00:00,11205,1104382,26.0,11205,BOOK,2236,2013,N,WEB,3.258096538021482
2014-03-05 00:00:00,11018,1108646,26.0,11018,BOOK,2236,2014,N,WEB,3.258096538021482
2013-12-17 00:00:00,11171,1070473,19.95,11171,BOOK,2236,2013,N,WEB,2.9932291433358724
2013-04-23 00:00:00,10008,1093764,10.95,10008,BOOK,2010,2013,N,INSERT,2.3933394562625097
2012-05-09 00:00:00,10943,1055258,13.45,10943,BOOK,2141,2012,N,PARTNER,2.598979106047848
2013-12-17 00:00:00,11969,1069994,10.95,11969,BOOK,2236,2013,N,WEB,2.3933394562625097
2015-01-02 00:00:00,10960,1206118,4.36,10960,BOOK,2185,2015,N,EMPLOYEE,1.472472057360943
2015-03-18 00:00:00,12491,1263126,13.45,12491,BOOK,2141,2015,N,PARTNER,2.598979106047848
2011-01-07 00:00:00,11197,1023364,40.35,11197,BOOK,2141,2011,N,PARTNER,3.6975913947159578
2012-01-04 00:00:00,10930,1059447,14.4,10930,BOOK,2141,2012,N,PARTNER,2.667228206581955
2010-12-02 00:00:00,11168,1014570,22.5,11168,BOOK,2173,2010,N,AD,3.1135153092103742
2011-09-07 00:00:00,10942,1065301,0.0,10942,BOOK,2237,2011,N,BULK,-inf
2015-07-01 00:00:00,13017,1332199,30.0,13017,BOOK,2236,2015,N,WEB,3.4011973816621555
2011-12-18 00:00:00,11168,1051722,22.5,11168,BOOK,2100,2011,N,INSERT,3.1135153092103742
2013-05-03 00:00:00,10941,1101497,16.95,10941,BOOK,2010,2013,N,INSERT,2.830267833826459
2010-11-24 00:00:00,10006,1031650,15.0,10006,BOOK,2173,2010,N,AD,2.70805020110221
2015-06-07 00:00:00,13017,1312232,30.0,13017,BOOK,2236,2015,N,WEB,3.4011973816621555
2013-08-20 00:00:00,10960,1101695,13.95,10960,BOOK,2236,2013,N,WEB,2.6354795082673745
2013-06-13 00:00:00,11195,1087196,14.0,11195,BOOK,2224,2013,N,WEB,2.6390573296152584
2010-04-15 00:00:00,10952,1003239,49.95,10952,BOOK,2173,2010,N,AD,3.9110225050945626
2013-12-13 00:00:00,11006,1111283,31.45,11006,BOOK,2141,2013,N,PARTNER,3.4483989831464497
2016-04-12 00:00:00,13099,1524151,15.0,13099,BOOK,2236,2016,N,WEB,2.70805020110221
2011-04-11 00:00:00,11168,1030751,22.5,11168,BOOK,2236,2011,N,WEB,3.1135153092103742
2013-09-11 00:00:00,11195,1106315,14.0,11195,BOOK,2236,2013,N,WEB,2.6390573296152584
2012-12-14 00:00:00,10839,1045245,24.25,10839,BOOK,2141,2012,N,PARTNER,3.188416617383492
2013-09-12 00:00:00,11006,1109378,34.95,11006,BOOK,2236,2013,N,WEB,3.5539184686798193
2013-01-11 00:00:00,10941,1074748,13.56,10941,BOOK,2002,2013,N,AD,2.6071242825122494
2012-06-25 00:00:00,10821,1060411,54.0,10821,BOOK,2141,2012,N,PARTNER,3.9889840465642745
2012-01-16 00:00:00,11168,1057682,0.0,11168,BOOK,2236,2012,N,WEB,-inf
2014-04-23 00:00:00,12003,1081528,14.0,12003,BOOK,2236,2014,N,WEB,2.6390573296152584
2010-12-17 00:00:00,11179,1016064,21.0,11179,BOOK,2173,2010,N,AD,3.044522437723423
2013-09-09 00:00:00,10834,1107340,20.0,10834,BOOK,2010,2013,N,INSERT,2.995732273553991
2013-04-26 00:00:00,11058,1094757,27.0,11058,BOOK,2141,2013,N,PARTNER,3.295836866004329
2012-04-05 00:00:00,11122,1053735,11.65,11122,BOOK,2141,2012,N,PARTNER,2.4553061800117097
2012-06-08 00:00:00,10821,1060408,18.0,10821,BOOK,2141,2012,N,PARTNER,2.8903717578961645
2014-05-02 00:00:00,11006,1107559,31.45,11006,BOOK,2010,2014,N,INSERT,3.4483989831464497
2013-12-23 00:00:00,10951,1077660,20.0,10951,BOOK,2173,2013,N,AD,2.995732273553991
2013-08-16 00:00:00,10834,1095947,0.0,10834,BOOK,2237,2013,N,BULK,-inf
2014-08-05 00:00:00,12003,1140119,14.0,12003,BOOK,2236,2014,N,WEB,2.6390573296152584
2015-12-14 00:00:00,13629,1448306,31.5,13629,BOOK,2141,2015,N,PARTNER,3.449987545831587
2010-11-24 00:00:00,10006,1000367,30.0,10006,BOOK,2141,2010,N,PARTNER,3.4011973816621555
2014-11-24 00:00:00,12003,1175155,14.0,12003,BOOK,2236,2014,N,WEB,2.6390573296152584
2011-05-03 00:00:00,11165,1023722,20.0,11165,BOOK,2141,2011,N,PARTNER,2.995732273553991
2014-09-09 00:00:00,12499,1146183,31.5,12499,BOOK,2141,2014,N,PARTNER,3.449987545831587
2010-10-11 00:00:00,11168,1023808,22.5,11168,BOOK,2141,2010,N,PARTNER,3.1135153092103742
2015-12-14 00:00:00,13629,1448344,31.5,13629,BOOK,2141,2015,N,PARTNER,3.449987545831587
2014-01-03 00:00:00,11984,1086142,14.4,11984,BOOK,2141,2014,N,PARTNER,2.667228206581955
2013-03-29 00:00:00,11169,1088227,13.5,11169,BOOK,2141,2013,N,PARTNER,2.6026896854443837
2012-03-19 00:00:00,10834,1048227,20.0,10834,BOOK,2173,2012,N,AD,2.995732273553991
2011-01-06 00:00:00,11176,1031532,15.25,11176,BOOK,2141,2011,N,PARTNER,2.7245795030534206
2011-03-23 00:00:00,11168,1025645,20.25,11168,BOOK,2141,2011,N,PARTNER,3.0081547935525483
2015-12-13 00:00:00,13630,1447393,15.7,13630,BOOK,2015,2015,N,PARTNER,2.7536607123542622
2015-12-10 00:00:00,13564,1445133,13.9,13564,BOOK,2141,2015,N,PARTNER,2.631888840136646
2014-08-04 00:00:00,11006,1143616,31.45,11006,BOOK,2200,2014,N,PARTNER,3.4483989831464497
2014-01-31 00:00:00,11969,1097915,10.75,11969,BOOK,2010,2014,N,INSERT,2.3749057545736716
2014-12-09 00:00:00,12011,1186190,9.95,12011,BOOK,2173,2014,N,AD,2.2975725511705014
2014-04-24 00:00:00,12005,1078907,29.95,12005,BOOK,2173,2014,N,AD,3.3995293245614584
2016-04-14 00:00:00,13627,1535202,10.75,13627,BOOK,2200,2016,N,PARTNER,2.3749057545736716
2015-03-12 00:00:00,12479,1258997,10.75,12479,BOOK,2200,2015,N,PARTNER,2.3749057545736716
2014-05-29 00:00:00,11987,1112042,16.15,11987,BOOK,2200,2014,N,PARTNER,2.7819200496686656
2013-11-25 00:00:00,11969,1082104,32.85,11969,BOOK,2141,2013,N,PARTNER,3.4919517449306197
2015-01-30 00:00:00,10981,1227993,0.0,10981,BOOK,2236,2015,N,WEB,-inf
2011-01-12 00:00:00,10942,1001681,13.45,10942,BOOK,2141,2011,N,PARTNER,2.598979106047848
2014-06-20 00:00:00,11986,1118476,19.95,11986,BOOK,2236,2014,N,WEB,2.9932291433358724
2012-04-05 00:00:00,10928,1052324,15.25,10928,BOOK,2141,2012,N,PARTNER,2.7245795030534206
2014-12-23 00:00:00,12487,1200101,25.15,12487,BOOK,2141,2014,N,PARTNER,3.224857896545748
2013-10-30 00:00:00,11055,1075720,17.95,11055,BOOK,2173,2013,N,AD,2.8875901149342877
2013-07-18 00:00:00,11121,1097078,60.0,11121,BOOK,2236,2013,N,WEB,4.0943445622221
2014-01-22 00:00:00,11018,1093874,26.0,11018,BOOK,2236,2014,N,WEB,3.258096538021482
2015-12-06 00:00:00,13629,1440160,0.0,13629,BOOK,2015,2015,N,PARTNER,-inf
2014-10-09 00:00:00,11978,1149734,23.94,11978,BOOK,2173,2014,N,AD,3.1755507001298273
2010-10-14 00:00:00,11168,1020274,22.5,11168,BOOK,2173,2010,N,AD,3.1135153092103742
2012-01-31 00:00:00,10007,1069920,7.75,10007,BOOK,2141,2012,N,PARTNER,2.0476928433652555
2014-05-07 00:00:00,11969,1105387,11.95,11969,BOOK,2236,2014,N,WEB,2.4807312783775197
2016-07-19 00:00:00,12003,1599123,12.6,12003,BOOK,2141,2016,N,PARTNER,2.533696813957432
2010-12-13 00:00:00,11197,1038364,14.95,11197,BOOK,2141,2010,N,PARTNER,2.7047112998366956
2010-10-15 00:00:00,11168,1019547,22.5,11168,BOOK,2141,2010,N,PARTNER,3.1135153092103742
2012-04-09 00:00:00,11172,1052670,39.95,11172,BOOK,2141,2012,N,PARTNER,3.6876286722122837
2013-11-18 00:00:00,12005,1083427,26.95,12005,BOOK,2141,2013,N,PARTNER,3.2939832973550063
2013-12-10 00:00:00,11984,1104298,14.4,11984,BOOK,2236,2013,N,WEB,2.667228206581955
2011-04-26 00:00:00,11176,1033649,16.95,11176,BOOK,2236,2011,N,WEB,2.830267833826459
2011-12-19 00:00:00,11168,1048457,20.25,11168,BOOK,2100,2011,N,INSERT,3.0081547935525483
2012-07-06 00:00:00,10940,1063498,16.95,10940,BOOK,2236,2012,N,WEB,2.830267833826459
2014-06-11 00:00:00,11121,1115926,54.0,11121,BOOK,2141,2014,N,PARTNER,3.9889840465642745
2014-11-17 00:00:00,11180,1170242,16.0,11180,BOOK,2236,2014,N,WEB,2.772588722239781
2016-06-27 00:00:00,13563,1587252,15.0,13563,BOOK,2236,2016,N,WEB,2.70805020110221
2015-11-18 00:00:00,13629,1428307,35.0,13629,BOOK,2173,2015,N,AD,3.5553480614894135
2010-10-18 00:00:00,11179,1024068,18.0,11179,BOOK,2141,2010,N,PARTNER,2.8903717578961645
2015-02-21 00:00:00,11999,1246022,16.0,11999,BOOK,2236,2015,N,WEB,2.772588722239781
2012-09-13 00:00:00,10839,1043404,24.25,10839,BOOK,2141,2012,N,PARTNER,3.188416617383492
2010-09-28 00:00:00,11179,1024149,18.0,11179,BOOK,2141,2010,N,PARTNER,2.8903717578961645
2012-06-27 00:00:00,10990,1060805,13.5,10990,BOOK,2236,2012,N,WEB,2.6026896854443837
2013-08-16 00:00:00,10850,1100294,35.0,10850,BOOK,2010,2013,N,INSERT,3.5553480614894135
2014-02-03 00:00:00,12005,1094228,26.95,12005,BOOK,2141,2014,N,PARTNER,3.2939832973550063
2013-12-04 00:00:00,10951,1096365,20.0,10951,BOOK,2236,2013,N,WEB,2.995732273553991
2013-07-30 00:00:00,10941,1098997,30.52,10941,BOOK,2236,2013,N,WEB,3.4183822064162563
2012-01-03 00:00:00,11168,1058403,20.25,11168,BOOK,2100,2012,N,INSERT,3.0081547935525483
2010-12-13 00:00:00,11197,1012372,29.9,11197,BOOK,2173,2010,N,AD,3.3978584803966405
2016-05-17 00:00:00,13630,1559151,17.95,13630,BOOK,2236,2016,N,WEB,2.8875901149342877
2015-11-29 00:00:00,12494,1435147,14.95,12494,BOOK,2204,2015,N,REFERRAL,2.7047112998366956
2015-03-01 00:00:00,12808,1250008,14.4,12808,BOOK,2141,2015,N,PARTNER,2.667228206581955
2016-02-28 00:00:00,11986,1501199,19.95,11986,BOOK,2236,2016,N,WEB,2.9932291433358724
2012-04-27 00:00:00,11159,1054102,20.0,11159,BOOK,2236,2012,N,WEB,2.995732273553991
2010-12-21 00:00:00,10942,1023199,12.5,10942,BOOK,2141,2010,N,PARTNER,2.5257286443082556
2013-05-06 00:00:00,11058,1099114,27.0,11058,BOOK,2141,2013,N,PARTNER,3.295836866004329
2013-05-01 00:00:00,10010,1099900,19.95,10010,BOOK,2236,2013,N,WEB,2.9932291433358724
2014-06-16 00:00:00,10991,1117476,90.0,10991,BOOK,2141,2014,N,PARTNER,4.499809670330265
2014-01-24 00:00:00,11006,1096501,31.15,11006,BOOK,2010,2014,N,INSERT,3.4388142452334622
2010-10-11 00:00:00,11168,1020282,22.5,11168,BOOK,2141,2010,N,PARTNER,3.1135153092103742
2011-02-02 00:00:00,10942,1019691,13.45,10942,BOOK,2141,2011,N,PARTNER,2.598979106047848
2013-05-16 00:00:00,11169,1101964,13.5,11169,BOOK,2141,2013,N,PARTNER,2.6026896854443837
2011-11-22 00:00:00,11111,1039304,17.95,11111,BOOK,2173,2011,N,AD,2.8875901149342877
2011-12-06 00:00:00,11171,1063157,17.95,11171,BOOK,2141,2011,N,PARTNER,2.8875901149342877
2013-03-05 00:00:00,11060,1082482,29.95,11060,BOOK,2236,2013,N,WEB,3.3995293245614584
2012-09-07 00:00:00,10940,1041665,16.95,10940,BOOK,2236,2012,N,WEB,2.830267833826459
2014-10-14 00:00:00,10850,1150210,56.0,10850,BOOK,2076,2014,Y,AD,4.02535169073515
2011-12-18 00:00:00,11168,1047457,20.25,11168,BOOK,2141,2011,N,PARTNER,3.0081547935525483
2014-11-06 00:00:00,12488,1148619,17.95,12488,BOOK,2173,2014,N,AD,2.8875901149342877
2016-06-14 00:00:00,13629,1578266,31.5,13629,BOOK,2141,2016,N,PARTNER,3.449987545831587
2014-01-28 00:00:00,11969,1093344,10.75,11969,BOOK,2010,2014,N,INSERT,2.3749057545736716
2010-10-15 00:00:00,11168,1019981,22.5,11168,BOOK,2141,2010,N,PARTNER,3.1135153092103742
2013-04-02 00:00:00,10005,1089207,14.4,10005,BOOK,2141,2013,N,PARTNER,2.667228206581955
2011-04-11 00:00:00,11055,1030751,17.95,11055,BOOK,2236,2011,N,WEB,2.8875901149342877
2012-03-10 00:00:00,10821,1048519,18.0,10821,BOOK,2141,2012,N,PARTNER,2.8903717578961645
2015-11-12 00:00:00,12129,1424213,11.7,12129,BOOK,2141,2015,N,PARTNER,2.4595888418037104
2015-12-13 00:00:00,13629,1446203,31.5,13629,BOOK,2141,2015,N,PARTNER,3.449987545831587
2013-12-10 00:00:00,11015,1103479,16.95,11015,BOOK,2236,2013,N,WEB,2.830267833826459
2014-05-16 00:00:00,12129,1082127,11.7,12129,BOOK,2141,2014,N,PARTNER,2.4595888418037104
2013-08-06 00:00:00,10944,1097999,13.45,10944,BOOK,2141,2013,N,PARTNER,2.598979106047848
2013-02-15 00:00:00,11163,1081507,16.0,11163,BOOK,2236,2013,N,WEB,2.772588722239781
2016-02-17 00:00:00,13533,1494140,15.0,13533,BOOK,2236,2016,N,WEB,2.70805020110221
2010-10-12 00:00:00,10010,1026510,10.95,10010,BOOK,2141,2010,N,PARTNER,2.3933394562625097
2012-02-15 00:00:00,10940,1039881,16.95,10940,BOOK,2236,2012,N,WEB,2.830267833826459
2014-02-17 00:00:00,11988,1101891,14.95,11988,BOOK,2236,2014,N,WEB,2.7047112998366956
2013-08-16 00:00:00,10834,1101449,20.0,10834,BOOK,2010,2013,N,INSERT,2.995732273553991
2011-12-21 00:00:00,11168,1057211,20.25,11168,BOOK,2141,2011,N,PARTNER,3.0081547935525483
2010-12-20 00:00:00,11176,1022770,13.0,11176,BOOK,2003,2010,N,PARTNER,2.5649493574615367
2011-02-15 00:00:00,11168,1004663,20.25,11168,BOOK,2141,2011,N,PARTNER,3.0081547935525483
2014-10-09 00:00:00,11975,1149616,12.95,11975,BOOK,2236,2014,N,WEB,2.5610957881455465
2011-11-20 00:00:00,11111,1077579,17.95,11111,BOOK,2141,2011,N,PARTNER,2.8875901149342877
2013-05-03 00:00:00,10941,1096822,16.95,10941,BOOK,2010,2013,N,INSERT,2.830267833826459
2012-11-29 00:00:00,10953,1055873,24.75,10953,BOOK,2141,2012,N,PARTNER,3.2088254890146994
2014-12-02 00:00:00,11193,1182083,24.75,11193,BOOK,2060,2014,N,AD,3.2088254890146994
2013-12-06 00:00:00,12002,1099405,17.0,12002,BOOK,2141,2013,N,PARTNER,2.833213344056216
2014-02-13 00:00:00,10979,1098877,11.66,10979,BOOK,2236,2014,N,WEB,2.4561641809223462
2012-06-19 00:00:00,10822,1059746,25.0,10822,BOOK,2236,2012,N,WEB,3.2188758248682006
2014-06-11 00:00:00,12005,1115325,26.95,12005,BOOK,2010,2014,N,INSERT,3.2939832973550063
2010-10-14 00:00:00,11168,1020663,22.5,11168,BOOK,2173,2010,N,AD,3.1135153092103742
2013-12-05 00:00:00,11985,1098617,32.32,11985,BOOK,2141,2013,N,PARTNER,3.4756862336528944
2015-11-09 00:00:00,13385,1421619,6.99,13385,BOOK,2064,2015,N,MAIL,1.944480556245719
2015-12-20 00:00:00,12169,1453199,43.74,12169,BOOK,2015,2015,N,PARTNER,3.778263015248622
2013-05-23 00:00:00,11058,1101824,30.0,11058,BOOK,2173,2013,N,AD,3.4011973816621555
2015-09-14 00:00:00,12005,1382212,26.95,12005,BOOK,2141,2015,N,PARTNER,3.2939832973550063
2012-04-27 00:00:00,11168,1055729,22.5,11168,BOOK,2173,2012,N,AD,3.1135153092103742
2011-12-13 00:00:00,10007,1052375,4.25,10007,BOOK,2100,2011,N,INSERT,1.4469189829363254
2014-05-09 00:00:00,10844,1110060,29.95,10844,BOOK,2236,2014,N,WEB,3.3995293245614584
2015-03-04 00:00:00,13099,1253083,15.0,13099,BOOK,2173,2015,N,AD,2.70805020110221
2012-12-29 00:00:00,11194,1066453,20.7,11194,BOOK,2141,2012,N,PARTNER,3.0301337002713233
2014-09-03 00:00:00,11990,1145761,13.36,11990,BOOK,2141,2014,N,PARTNER,2.5922651681085
2015-08-20 00:00:00,10989,1367130,12.95,10989,BOOK,2236,2015,N,WEB,2.5610957881455465
2015-03-18 00:00:00,12490,1263151,17.95,12490,BOOK,2173,2015,N,AD,2.8875901149342877
2014-09-02 00:00:00,10005,1144213,14.4,10005,BOOK,2141,2014,N,PARTNER,2.667228206581955
2015-11-08 00:00:00,13385,1420205,6.99,13385,BOOK,2200,2015,N,PARTNER,1.944480556245719
2012-02-01 00:00:00,10930,1065146,14.4,10930,BOOK,2141,2012,N,PARTNER,2.667228206581955
2015-02-11 00:00:00,12121,1239033,125.0,12121,BOOK,2236,2015,N,WEB,4.8283137373023015
2012-01-17 00:00:00,11168,1063034,20.25,11168,BOOK,2141,2012,N,PARTNER,3.0081547935525483
2016-07-06 00:00:00,12480,1592114,16.95,12480,BOOK,2236,2016,N,WEB,2.830267833826459
2014-06-05 00:00:00,12005,1117123,26.95,12005,BOOK,2141,2014,N,PARTNER,3.2939832973550063
2014-01-07 00:00:00,11004,1090619,16.0,11004,BOOK,2236,2014,N,WEB,2.772588722239781
2015-07-09 00:00:00,11978,1338171,14.95,11978,BOOK,2236,2015,N,WEB,2.7047112998366956
2011-12-27 00:00:00,10007,1055323,0.0,10007,BOOK,2100,2011,N,INSERT,-inf
2010-12-13 00:00:00,11197,1004811,14.95,11197,BOOK,2141,2010,N,PARTNER,2.7047112998366956
2013-03-27 00:00:00,11169,1088043,13.5,11169,BOOK,2141,2013,N,PARTNER,2.6026896854443837
2013-12-05 00:00:00,11971,1100363,23.35,11971,BOOK,2141,2013,N,PARTNER,3.150596984114906
2013-12-18 00:00:00,11195,1094940,14.0,11195,BOOK,2236,2013,N,WEB,2.6390573296152584
2016-06-29 00:00:00,13101,1589135,13.95,13101,BOOK,2236,2016,N,WEB,2.6354795082673745
2014-01-13 00:00:00,10991,1091529,90.0,10991,BOOK,2236,2014,N,WEB,4.499809670330265
2011-12-07 00:00:00,11111,1049456,17.95,11111,BOOK,2173,2011,N,AD,2.8875901149342877
2014-12-10 00:00:00,12491,1187378,13.45,12491,BOOK,2141,2014,N,PARTNER,2.598979106047848
2012-12-12 00:00:00,10834,1064909,20.0,10834,BOOK,2173,2012,N,AD,2.995732273553991
2011-02-02 00:00:00,10939,1013744,14.95,10939,BOOK,2173,2011,N,AD,2.7047112998366956
2013-01-07 00:00:00,11060,1072164,26.95,11060,BOOK,2141,2013,N,PARTNER,3.2939832973550063
2014-10-12 00:00:00,12491,1148729,14.95,12491,BOOK,2236,2014,N,WEB,2.7047112998366956
2010-12-02 00:00:00,10942,1010184,12.5,10942,BOOK,2141,2010,N,PARTNER,2.5257286443082556
2010-11-01 00:00:00,11179,1030565,21.0,11179,BOOK,2204,2010,N,REFERRAL,3.044522437723423
2015-03-05 00:00:00,13101,1254077,11.92,13101,BOOK,2141,2015,N,PARTNER,2.4782176616372036
2015-02-27 00:00:00,12488,1247992,16.15,12488,BOOK,2141,2015,N,PARTNER,2.7819200496686656
2014-04-30 00:00:00,12005,1102836,29.95,12005,BOOK,2204,2014,N,REFERRAL,3.3995293245614584
2013-09-09 00:00:00,11205,1106846,26.0,11205,BOOK,2236,2013,N,WEB,3.258096538021482
2010-12-13 00:00:00,11197,1005631,12.5,11197,BOOK,2173,2010,N,AD,2.5257286443082556
2013-03-28 00:00:00,11160,1068331,17.0,11160,BOOK,2173,2013,N,AD,2.833213344056216
2012-01-25 00:00:00,10007,1066118,7.75,10007,BOOK,2141,2012,N,PARTNER,2.0476928433652555
2011-03-08 00:00:00,10834,1013003,18.0,10834,BOOK,2141,2011,N,PARTNER,2.8903717578961645
2010-12-06 00:00:00,11168,1008182,22.5,11168,BOOK,2141,2010,N,PARTNER,3.1135153092103742
2011-11-27 00:00:00,10928,1070000,15.25,10928,BOOK,2141,2011,N,PARTNER,2.7245795030534206
2010-12-17 00:00:00,10006,1016401,7.5,10006,BOOK,2141,2010,N,PARTNER,2.0149030205422647
2014-06-10 00:00:00,11987,1116088,16.15,11987,BOOK,2200,2014,N,PARTNER,2.7819200496686656
2016-01-18 00:00:00,13564,1471188,0.0,13564,BOOK,2141,2016,N,PARTNER,-inf
2014-10-21 00:00:00,11121,1148958,54.0,11121,BOOK,2141,2014,N,PARTNER,3.9889840465642745
2014-02-21 00:00:00,11969,1102644,10.75,11969,BOOK,2010,2014,N,INSERT,2.3749057545736716
2010-12-09 00:00:00,10834,1008554,25.0,10834,BOOK,2173,2010,N,AD,3.2188758248682006
2013-12-09 00:00:00,11985,1097050,16.16,11985,BOOK,2236,2013,N,WEB,2.7825390530929495
2015-06-10 00:00:00,13189,1315197,31.5,13189,BOOK,2141,2015,N,PARTNER,3.449987545831587
2012-11-16 00:00:00,10951,1053154,18.0,10951,BOOK,2141,2012,N,PARTNER,2.8903717578961645
2015-12-13 00:00:00,13629,1438284,31.5,13629,BOOK,2141,2015,N,PARTNER,3.449987545831587
2015-12-14 00:00:00,13630,1447235,10.05,13630,BOOK,2015,2015,N,PARTNER,2.307572634505085
2013-03-22 00:00:00,10008,1087188,10.95,10008,BOOK,2010,2013,N,INSERT,2.3933394562625097
2014-10-16 00:00:00,12491,1151096,11.96,12491,BOOK,2076,2014,Y,AD,2.481567748522486
2015-12-14 00:00:00,10005,1447403,16.0,10005,BOOK,2116,2015,Y,AD,2.772588722239781
2010-10-11 00:00:00,11168,1018801,112.5,11168,BOOK,2141,2010,N,PARTNER,4.722953221644475
2010-11-24 00:00:00,11168,1029698,22.5,11168,BOOK,2141,2010,N,PARTNER,3.1135153092103742
2011-06-20 00:00:00,11168,1042202,22.5,11168,BOOK,2173,2011,N,AD,3.1135153092103742
2013-12-19 00:00:00,10837,1076753,20.0,10837,BOOK,2236,2013,N,WEB,2.995732273553991
2013-12-17 00:00:00,11058,1072959,27.0,11058,BOOK,2141,2013,N,PARTNER,3.295836866004329
2012-10-09 00:00:00,10006,1065627,0.0,10006,BOOK,2237,2012,N,BULK,-inf
2014-03-18 00:00:00,11987,1107197,17.95,11987,BOOK,2236,2014,N,WEB,2.8875901149342877
2010-12-30 00:00:00,10942,1026581,25.9,10942,BOOK,2173,2010,N,AD,3.254242968705492
2012-03-19 00:00:00,11168,1044675,22.5,11168,BOOK,2173,2012,N,AD,3.1135153092103742
2015-04-20 00:00:00,13099,1286139,15.0,13099,BOOK,2236,2015,N,WEB,2.70805020110221
2012-11-19 00:00:00,11168,1048237,22.5,11168,BOOK,2173,2012,N,AD,3.1135153092103742
2016-04-05 00:00:00,13388,1527224,15.3,13388,BOOK,2141,2016,N,PARTNER,2.72785282839839
2013-08-30 00:00:00,11171,1098656,17.95,11171,BOOK,2236,2013,N,WEB,2.8875901149342877
2014-03-24 00:00:00,11969,1073293,21.5,11969,BOOK,2010,2014,N,INSERT,3.068052935133617
2015-04-28 00:00:00,12005,1292008,26.95,12005,BOOK,2064,2015,N,MAIL,3.2939832973550063
2014-02-21 00:00:00,11969,1101947,10.75,11969,BOOK,2141,2014,N,PARTNER,2.3749057545736716
2010-11-24 00:00:00,10006,1001010,7.5,10006,BOOK,2141,2010,N,PARTNER,2.0149030205422647
2013-12-27 00:00:00,11195,1071137,14.0,11195,BOOK,2236,2013,N,WEB,2.6390573296152584
2011-02-02 00:00:00,10982,1013439,10.0,10982,BOOK,2141,2011,N,PARTNER,2.302585092994046
2014-06-16 00:00:00,11197,1117415,14.95,11197,BOOK,2236,2014,N,WEB,2.7047112998366956
2013-07-15 00:00:00,11058,1094443,30.0,11058,BOOK,2236,2013,N,WEB,3.4011973816621555
2012-02-09 00:00:00,10943,1073870,13.45,10943,BOOK,2141,2012,N,PARTNER,2.598979106047848
2011-12-28 00:00:00,11172,1055251,39.95,11172,BOOK,2141,2011,N,PARTNER,3.6876286722122837
2015-12-15 00:00:00,13193,1448336,12.45,13193,BOOK,2141,2015,N,PARTNER,2.5217206229107165
2013-03-07 00:00:00,11169,1084201,13.5,11169,BOOK,2141,2013,N,PARTNER,2.6026896854443837
2012-11-14 00:00:00,10836,1052546,35.6,10836,BOOK,2236,2012,N,WEB,3.572345637857985
2011-12-19 00:00:00,11111,1053677,16.15,11111,BOOK,2141,2011,N,PARTNER,2.7819200496686656
2016-09-08 00:00:00,13794,1635123,13.5,13794,BOOK,2141,2016,N,PARTNER,2.6026896854443837
2011-11-09 00:00:00,10991,1080436,100.0,10991,BOOK,2141,2011,N,PARTNER,4.605170185988092
2011-02-22 00:00:00,10942,1018589,14.95,10942,BOOK,2173,2011,N,AD,2.7047112998366956
2015-12-20 00:00:00,11169,1453264,15.0,11169,BOOK,2236,2015,N,WEB,2.70805020110221
2012-01-09 00:00:00,11111,1062317,16.15,11111,BOOK,2141,2012,N,PARTNER,2.7819200496686656
2014-10-14 00:00:00,10983,1148008,10.36,10983,BOOK,2076,2014,Y,AD,2.337952236831337
2010-12-13 00:00:00,11197,1033100,14.95,11197,BOOK,2173,2010,N,AD,2.7047112998366956
2013-09-05 00:00:00,11200,1102382,17.05,11200,BOOK,2236,2013,N,WEB,2.8361502037295256
2015-01-12 00:00:00,12479,1214040,10.75,12479,BOOK,2141,2015,N,PARTNER,2.3749057545736716
2015-11-10 00:00:00,13099,1422128,15.0,13099,BOOK,2236,2015,N,WEB,2.70805020110221
2014-01-24 00:00:00,11984,1092028,16.0,11984,BOOK,2173,2014,N,AD,2.772588722239781
2015-02-16 00:00:00,12491,1240017,13.3,12491,BOOK,2141,2015,N,PARTNER,2.5877640352277083
2010-11-23 00:00:00,10837,1000333,17.5,10837,BOOK,2141,2010,N,PARTNER,2.8622008809294686
2013-04-23 00:00:00,11060,1094251,26.95,11060,BOOK,2141,2013,N,PARTNER,3.2939832973550063
2014-08-13 00:00:00,11986,1141284,19.95,11986,BOOK,2236,2014,N,WEB,2.9932291433358724
2013-02-27 00:00:00,10834,1082149,17.8,10834,BOOK,2236,2013,N,WEB,2.8791984572980396
2013-12-03 00:00:00,11006,1093135,31.45,11006,BOOK,2141,2013,N,PARTNER,3.4483989831464497
2011-12-21 00:00:00,10940,1055960,16.95,10940,BOOK,2236,2011,N,WEB,2.830267833826459
2012-06-08 00:00:00,11168,1056267,20.25,11168,BOOK,2141,2012,N,PARTNER,3.0081547935525483
2016-07-06 00:00:00,13389,1592249,26.95,13389,BOOK,2065,2016,N,AD,3.2939832973550063
2016-04-21 00:00:00,13860,1541114,25.0,13860,BOOK,2204,2016,N,REFERRAL,3.2188758248682006
2015-12-15 00:00:00,12822,1447236,0.0,12822,BOOK,2116,2015,Y,AD,-inf
2013-02-15 00:00:00,10944,1084096,13.3,10944,BOOK,2236,2013,N,WEB,2.5877640352277083
2013-06-03 00:00:00,11058,1084985,53.4,11058,BOOK,2236,2013,N,WEB,3.977810745966149
2015-11-04 00:00:00,13260,1418158,26.95,13260,BOOK,2141,2015,N,PARTNER,3.2939832973550063
2011-11-20 00:00:00,11111,1065489,17.95,11111,BOOK,2141,2011,N,PARTNER,2.8875901149342877
2016-05-31 00:00:00,13961,1568157,133.5,13961,BOOK,2141,2016,N,PARTNER,4.894101477840304
2014-11-11 00:00:00,11984,1164054,12.8,11984,BOOK,2076,2014,Y,AD,2.5494451709255714
2015-12-06 00:00:00,11986,1441148,19.95,11986,BOOK,2236,2015,N,WEB,2.9932291433358724
2012-01-30 00:00:00,10939,1069416,13.45,10939,BOOK,2141,2012,N,PARTNER,2.598979106047848
2015-06-22 00:00:00,12128,1324153,22.5,12128,BOOK,2064,2015,N,MAIL,3.1135153092103742
2014-01-10 00:00:00,11969,1089309,10.75,11969,BOOK,2141,2014,N,PARTNER,2.3749057545736716
2013-05-03 00:00:00,10941,1097604,16.95,10941,BOOK,2236,2013,N,WEB,2.830267833826459
2013-03-01 00:00:00,10960,1082164,13.95,10960,BOOK,2173,2013,N,AD,2.6354795082673745
2011-02-15 00:00:00,11168,1012933,20.25,11168,BOOK,2141,2011,N,PARTNER,3.0081547935525483
2014-11-06 00:00:00,10850,1161156,28.0,10850,BOOK,2076,2014,Y,AD,3.332204510175204
2010-01-18 00:00:00,11160,1037224,8.95,11160,BOOK,2173,2010,N,AD,2.191653532286764
2013-09-05 00:00:00,11205,1102645,26.0,11205,BOOK,2236,2013,N,WEB,3.258096538021482
2012-12-14 00:00:00,10929,1057431,16.95,10929,BOOK,2173,2012,N,AD,2.830267833826459
2015-01-13 00:00:00,12491,1215029,13.45,12491,BOOK,2141,2015,N,PARTNER,2.598979106047848
2015-04-28 00:00:00,13191,1292000,12.92,13191,BOOK,2141,2015,N,PARTNER,2.558776498354456
2010-12-13 00:00:00,11197,1005548,10.05,11197,BOOK,2141,2010,N,PARTNER,2.307572634505085
2013-04-03 00:00:00,11169,1089931,15.0,11169,BOOK,2236,2013,N,WEB,2.70805020110221
2014-06-27 00:00:00,11986,1119808,16.95,11986,BOOK,2010,2014,N,INSERT,2.830267833826459
2015-11-18 00:00:00,13627,1422137,0.0,13627,BOOK,2236,2015,N,WEB,-inf
2016-06-16 00:00:00,10850,1581148,35.0,10850,BOOK,2173,2016,N,AD,3.5553480614894135
2015-01-07 00:00:00,12003,1210019,12.6,12003,BOOK,2141,2015,N,PARTNER,2.533696813957432
2014-07-31 00:00:00,12005,1143342,26.95,12005,BOOK,2010,2014,N,INSERT,3.2939832973550063
2011-04-04 00:00:00,11055,1028494,16.15,11055,BOOK,2141,2011,N,PARTNER,2.7819200496686656
2011-01-17 00:00:00,11176,1003501,16.95,11176,BOOK,2236,2011,N,WEB,2.830267833826459
2013-03-28 00:00:00,11169,1088230,15.0,11169,BOOK,2236,2013,N,WEB,2.70805020110221
2014-12-15 00:00:00,11975,1192035,12.95,11975,BOOK,2236,2014,N,WEB,2.5610957881455465
2012-10-24 00:00:00,11168,1048829,20.25,11168,BOOK,2141,2012,N,PARTNER,3.0081547935525483
2011-03-23 00:00:00,11055,1025043,48.45,11055,BOOK,2141,2011,N,PARTNER,3.880532338336775
2015-11-22 00:00:00,11195,1430262,12.6,11195,BOOK,2141,2015,N,PARTNER,2.533696813957432
2011-04-04 00:00:00,11055,1028459,16.15,11055,BOOK,2141,2011,N,PARTNER,2.7819200496686656
2012-02-12 00:00:00,10982,1061132,10.0,10982,BOOK,2141,2012,N,PARTNER,2.302585092994046
2014-02-04 00:00:00,11013,1099140,15.26,11013,BOOK,2236,2014,N,WEB,2.725235025856311
2011-12-18 00:00:00,11168,1050869,22.5,11168,BOOK,2100,2011,N,INSERT,3.1135153092103742
2012-03-29 00:00:00,11055,1050146,16.15,11055,BOOK,2141,2012,N,PARTNER,2.7819200496686656
2012-04-24 00:00:00,11168,1053976,20.25,11168,BOOK,2141,2012,N,PARTNER,3.0081547935525483
2016-01-04 00:00:00,13388,1462142,17.0,13388,BOOK,2236,2016,N,WEB,2.833213344056216
2015-12-13 00:00:00,13629,1446155,35.0,13629,BOOK,2236,2015,N,WEB,3.5553480614894135
2011-01-04 00:00:00,11197,1017475,13.45,11197,BOOK,2141,2011,N,PARTNER,2.598979106047848
2014-04-02 00:00:00,11984,1075088,14.4,11984,BOOK,2141,2014,N,PARTNER,2.667228206581955
2014-03-26 00:00:00,11969,1076154,11.95,11969,BOOK,2236,2014,N,WEB,2.4807312783775197
2010-11-03 00:00:00,10837,1030569,17.5,10837,BOOK,2173,2010,N,AD,2.8622008809294686
2014-07-29 00:00:00,11111,1122775,16.23,11111,BOOK,2141,2014,N,PARTNER,2.7868613815264998
2014-09-17 00:00:00,12490,1144930,16.15,12490,BOOK,2141,2014,N,PARTNER,2.7819200496686656
2012-07-09 00:00:00,10984,1064248,15.0,10984,BOOK,2141,2012,N,PARTNER,2.70805020110221
2012-08-23 00:00:00,11168,1068945,20.25,11168,BOOK,2141,2012,N,PARTNER,3.0081547935525483
2010-12-07 00:00:00,10942,1001617,12.5,10942,BOOK,2141,2010,N,PARTNER,2.5257286443082556
2013-04-23 00:00:00,10008,1097559,10.95,10008,BOOK,2010,2013,N,INSERT,2.3933394562625097
2015-06-21 00:00:00,13100,1323173,23.0,13100,BOOK,2141,2015,N,PARTNER,3.1354942159291497
2012-06-20 00:00:00,10961,1061812,22.45,10961,BOOK,2141,2012,N,PARTNER,3.1112906141882632
2015-12-08 00:00:00,13627,1443189,11.95,13627,BOOK,2236,2015,N,WEB,2.4807312783775197
2013-09-12 00:00:00,11012,1108299,16.95,11012,BOOK,2173,2013,N,AD,2.830267833826459
2014-10-21 00:00:00,10991,1151584,100.0,10991,BOOK,2236,2014,N,WEB,4.605170185988092
2013-04-16 00:00:00,10844,1096129,29.95,10844,BOOK,2236,2013,N,WEB,3.3995293245614584
2010-12-27 00:00:00,11176,1026133,13.0,11176,BOOK,2173,2010,N,AD,2.5649493574615367
2015-05-28 00:00:00,12005,1306344,47.92,12005,BOOK,2033,2015,N,PARTNER,3.869532953807194
2012-02-27 00:00:00,10940,1045354,13.45,10940,BOOK,2141,2012,N,PARTNER,2.598979106047848
2011-11-22 00:00:00,11172,1077111,39.95,11172,BOOK,2173,2011,N,AD,3.6876286722122837
2011-11-21 00:00:00,11111,1076514,16.16,11111,BOOK,2141,2011,N,PARTNER,2.7825390530929495
2013-06-21 00:00:00,11169,1090194,13.5,11169,BOOK,2236,2013,N,WEB,2.6026896854443837
2014-03-13 00:00:00,11018,1110014,23.4,11018,BOOK,2236,2014,N,WEB,3.152736022363656
2015-06-30 00:00:00,11990,1331130,15.0,11990,BOOK,2236,2015,N,WEB,2.70805020110221
2014-11-12 00:00:00,12495,1165045,35.0,12495,BOOK,2173,2014,N,AD,3.5553480614894135
2013-11-20 00:00:00,11991,1075553,117.0,11991,BOOK,2141,2013,N,PARTNER,4.762173934797756
2014-01-29 00:00:00,11969,1093655,10.76,11969,BOOK,2236,2014,N,WEB,2.3758355547336385
2015-12-09 00:00:00,11994,1444262,19.71,11994,BOOK,2015,2015,N,PARTNER,2.9811261211646287
2010-09-28 00:00:00,11179,1017468,18.0,11179,BOOK,2141,2010,N,PARTNER,2.8903717578961645
2014-05-02 00:00:00,11171,1107283,18.29,11171,BOOK,2141,2014,N,PARTNER,2.906354462402774
2013-12-11 00:00:00,12005,1113030,29.95,12005,BOOK,2236,2013,N,WEB,3.3995293245614584
2014-01-27 00:00:00,11969,1093418,10.76,11969,BOOK,2236,2014,N,WEB,2.3758355547336385
2014-03-03 00:00:00,11993,1108201,20.0,11993,BOOK,2236,2014,N,WEB,2.995732273553991
2011-12-28 00:00:00,10940,1057849,13.45,10940,BOOK,2141,2011,N,PARTNER,2.598979106047848
2010-11-15 00:00:00,11196,1033018,14.95,11196,BOOK,2173,2010,N,AD,2.7047112998366956
2011-11-17 00:00:00,11172,1073719,19.98,11172,BOOK,2173,2011,N,AD,2.9947317732204075
2012-12-17 00:00:00,11168,1066055,45.0,11168,BOOK,2173,2012,N,AD,3.8066624897703196
2014-02-19 00:00:00,10005,1100722,14.4,10005,BOOK,2141,2014,N,PARTNER,2.667228206581955
2015-12-13 00:00:00,13629,1446747,0.0,13629,BOOK,2141,2015,N,PARTNER,-inf
2014-01-30 00:00:00,11978,1096837,13.46,11978,BOOK,2141,2014,N,PARTNER,2.599722324216582
2014-10-29 00:00:00,12479,1153108,0.0,12479,BOOK,2236,2014,N,WEB,-inf
2012-07-03 00:00:00,11168,1063346,22.5,11168,BOOK,2204,2012,N,REFERRAL,3.1135153092103742
2010-07-02 00:00:00,10010,1010286,10.95,10010,BOOK,2141,2010,N,PARTNER,2.3933394562625097
2012-12-17 00:00:00,10005,1062967,14.24,10005,BOOK,2236,2012,N,WEB,2.65605490598383
2011-01-25 00:00:00,11179,1009346,18.9,11179,BOOK,2141,2011,N,PARTNER,2.9391619220655967
2013-12-13 00:00:00,12005,1112877,26.96,12005,BOOK,2236,2013,N,WEB,3.2943542860441064
2010-10-11 00:00:00,11168,1033432,22.5,11168,BOOK,2141,2010,N,PARTNER,3.1135153092103742
2016-06-08 00:00:00,13629,1574121,31.5,13629,BOOK,2112,2016,N,AD,3.449987545831587
2010-10-11 00:00:00,11168,1025610,45.0,11168,BOOK,2141,2010,N,PARTNER,3.8066624897703196
2011-07-21 00:00:00,11168,1046159,20.25,11168,BOOK,2141,2011,N,PARTNER,3.0081547935525483
2013-04-15 00:00:00,11169,1095883,15.0,11169,BOOK,2173,2013,N,AD,2.70805020110221
2011-12-30 00:00:00,10943,1061009,13.45,10943,BOOK,2141,2011,N,PARTNER,2.598979106047848
2015-12-15 00:00:00,13193,1448141,14.95,13193,BOOK,2236,2015,N,WEB,2.7047112998366956
2016-06-22 00:00:00,13099,1584186,13.5,13099,BOOK,2141,2016,N,PARTNER,2.6026896854443837
2012-04-18 00:00:00,10821,1051661,18.0,10821,BOOK,2236,2012,N,WEB,2.8903717578961645
2012-08-21 00:00:00,11194,1068857,20.7,11194,BOOK,2141,2012,N,PARTNER,3.0301337002713233
2013-08-27 00:00:00,11055,1099712,16.15,11055,BOOK,2141,2013,N,PARTNER,2.7819200496686656
2013-11-18 00:00:00,11006,1083262,31.45,11006,BOOK,2141,2013,N,PARTNER,3.4483989831464497
2011-06-13 00:00:00,10942,1040366,13.45,10942,BOOK,2141,2011,N,PARTNER,2.598979106047848
2012-09-18 00:00:00,10821,1043637,17.8,10821,BOOK,2236,2012,N,WEB,2.8791984572980396
2012-01-30 00:00:00,10834,1070514,17.8,10834,BOOK,2236,2012,N,WEB,2.8791984572980396
2014-10-16 00:00:00,12491,1151118,13.45,12491,BOOK,2141,2014,N,PARTNER,2.598979106047848
2014-04-02 00:00:00,11988,1075059,29.9,11988,BOOK,2236,2014,N,WEB,3.3978584803966405
2011-12-07 00:00:00,11055,1073475,64.6,11055,BOOK,2141,2011,N,PARTNER,4.168214410788556
2012-09-25 00:00:00,10834,1042226,0.0,10834,BOOK,2236,2012,N,WEB,-inf
2013-02-13 00:00:00,10008,1083038,10.95,10008,BOOK,2010,2013,N,INSERT,2.3933394562625097
2014-04-14 00:00:00,11169,1077224,15.0,11169,BOOK,2236,2014,N,WEB,2.70805020110221
2011-12-06 00:00:00,10837,1047773,18.0,10837,BOOK,2141,2011,N,PARTNER,2.8903717578961645
2015-11-22 00:00:00,13627,1430264,0.0,13627,BOOK,2237,2015,N,BULK,-inf
2014-11-06 00:00:00,12502,1150644,0.0,12502,BOOK,2076,2014,Y,AD,-inf
2015-01-02 00:00:00,12003,1204192,14.0,12003,BOOK,2173,2015,N,AD,2.6390573296152584
2013-10-14 00:00:00,10844,1074433,26.95,10844,BOOK,2141,2013,N,PARTNER,3.2939832973550063
2013-04-16 00:00:00,10844,1096070,26.65,10844,BOOK,2236,2013,N,WEB,3.2827891506118534
2012-03-17 00:00:00,10940,1049375,13.45,10940,BOOK,2141,2012,N,PARTNER,2.598979106047848
2014-11-19 00:00:00,12808,1172089,12.42,12808,BOOK,2141,2014,N,PARTNER,2.519308076505333
2012-08-08 00:00:00,10989,1070776,11.67,10989,BOOK,2173,2012,N,AD,2.4570214462984645
2011-03-21 00:00:00,10942,1023571,13.45,10942,BOOK,2141,2011,N,PARTNER,2.598979106047848
2013-05-20 00:00:00,11058,1105041,27.0,11058,BOOK,2141,2013,N,PARTNER,3.295836866004329
2013-12-09 00:00:00,11018,1089257,23.4,11018,BOOK,2141,2013,N,PARTNER,3.152736022363656
2012-03-30 00:00:00,10985,1051619,10.34,10985,BOOK,2141,2012,N,PARTNER,2.336019869080283
2012-04-12 00:00:00,10940,1053525,13.45,10940,BOOK,2141,2012,N,PARTNER,2.598979106047848
2015-12-23 00:00:00,13564,1456148,15.3,13564,BOOK,2141,2015,N,PARTNER,2.72785282839839
2013-02-05 00:00:00,11169,1082375,15.0,11169,BOOK,2141,2013,N,PARTNER,2.70805020110221
2013-01-31 00:00:00,11169,1082466,15.0,11169,BOOK,2141,2013,N,PARTNER,2.70805020110221
2013-03-25 00:00:00,10008,1087893,10.95,10008,BOOK,2010,2013,N,INSERT,2.3933394562625097
2012-01-04 00:00:00,11168,1061213,22.5,11168,BOOK,2173,2012,N,AD,3.1135153092103742
2014-04-24 00:00:00,11987,1082089,16.3,11987,BOOK,2141,2014,N,PARTNER,2.791165107812717
2011-10-24 00:00:00,10940,1075868,16.95,10940,BOOK,2173,2011,N,AD,2.830267833826459
2012-06-14 00:00:00,10836,1059354,34.0,10836,BOOK,2095,2012,N,EMPLOYEE,3.5263605246161616
2012-01-16 00:00:00,11111,1064005,17.95,11111,BOOK,2173,2012,N,AD,2.8875901149342877
2012-06-04 00:00:00,11168,1058769,19.12,11168,BOOK,2095,2012,N,EMPLOYEE,2.9507349076232554
2011-03-23 00:00:00,11055,1023413,16.15,11055,BOOK,2141,2011,N,PARTNER,2.7819200496686656
2011-12-05 00:00:00,10845,1045609,12.46,10845,BOOK,2236,2011,N,WEB,2.522523513359307
2010-12-30 00:00:00,10006,1024706,7.5,10006,BOOK,2141,2010,N,PARTNER,2.0149030205422647
2015-12-02 00:00:00,13351,1438125,8.95,13351,BOOK,2141,2015,N,PARTNER,2.191653532286764
2011-02-02 00:00:00,11197,1013880,10.05,11197,BOOK,2173,2011,N,AD,2.307572634505085
2013-06-19 00:00:00,11180,1090617,16.0,11180,BOOK,2236,2013,N,WEB,2.772588722239781
2013-12-20 00:00:00,11169,1077792,13.5,11169,BOOK,2173,2013,N,AD,2.6026896854443837
2014-04-04 00:00:00,11055,1075737,16.15,11055,BOOK,2141,2014,N,PARTNER,2.7819200496686656
2015-02-06 00:00:00,10981,1233024,12.95,10981,BOOK,2236,2015,N,WEB,2.5610957881455465
2014-01-07 00:00:00,10850,1088581,35.0,10850,BOOK,2173,2014,N,AD,3.5553480614894135
2015-10-27 00:00:00,13389,1412187,29.95,13389,BOOK,2236,2015,N,WEB,3.3995293245614584
2011-03-14 00:00:00,11168,1022219,20.25,11168,BOOK,2141,2011,N,PARTNER,3.0081547935525483
2010-12-16 00:00:00,10006,1031651,7.5,10006,BOOK,2173,2010,N,AD,2.0149030205422647
2015-09-27 00:00:00,13193,1391143,13.45,13193,BOOK,2141,2015,N,PARTNER,2.598979106047848
2015-11-03 00:00:00,13099,1417198,13.5,13099,BOOK,2141,2015,N,PARTNER,2.6026896854443837
2014-06-16 00:00:00,10838,1118081,11.99,10838,CALENDAR,2236,2014,N,WEB,2.4840729690394228
2011-11-27 00:00:00,10862,1062774,39.95,10862,CALENDAR,2173,2011,N,AD,3.6876286722122837
2012-12-19 00:00:00,10003,1065207,21.9,10003,CALENDAR,2141,2012,N,PARTNER,3.086486636822455
2013-12-04 00:00:00,12014,1096185,9.85,12014,CALENDAR,2141,2013,N,PARTNER,2.2874714551839976
2010-12-20 00:00:00,10993,1020156,29.95,10993,CALENDAR,2141,2010,N,PARTNER,3.3995293245614584
2011-01-05 00:00:00,10993,1030402,35.95,10993,CALENDAR,2141,2011,N,PARTNER,3.5821290841670557
2014-12-04 00:00:00,12176,1184031,26.95,12176,CALENDAR,2141,2014,N,PARTNER,3.2939832973550063
2011-12-28 00:00:00,10002,1058516,21.9,10002,CALENDAR,2204,2011,N,REFERRAL,3.086486636822455
2010-12-23 00:00:00,11003,1015624,14.95,11003,CALENDAR,2141,2010,N,PARTNER,2.7047112998366956
2012-05-11 00:00:00,10001,1053920,13.5,10001,CALENDAR,2141,2012,N,PARTNER,2.6026896854443837
2012-12-10 00:00:00,10863,1059544,26.65,10863,CALENDAR,2236,2012,N,WEB,3.2827891506118534
2015-11-09 00:00:00,13298,1421368,26.95,13298,CALENDAR,2141,2015,N,PARTNER,3.2939832973550063
2016-01-17 00:00:00,13298,1471140,29.95,13298,CALENDAR,2236,2016,N,WEB,3.3995293245614584
2015-11-30 00:00:00,13298,1436184,53.9,13298,CALENDAR,2141,2015,N,PARTNER,3.9871304779149512
2011-12-28 00:00:00,10862,1058802,39.95,10862,CALENDAR,2236,2011,N,WEB,3.6876286722122837
2012-12-26 00:00:00,11057,1068731,14.95,11057,CALENDAR,2236,2012,N,WEB,2.7047112998366956
2014-12-05 00:00:00,12175,1185142,10.95,12175,CALENDAR,2236,2014,N,WEB,2.3933394562625097
2015-11-02 00:00:00,13298,1416158,22.95,13298,CALENDAR,2236,2015,N,WEB,3.133317936506554
2011-12-14 00:00:00,11056,1053678,12.95,11056,CALENDAR,2141,2011,N,PARTNER,2.5610957881455465
2012-12-28 00:00:00,10863,1066462,26.95,10863,CALENDAR,2141,2012,N,PARTNER,3.2939832973550063
2012-11-14 00:00:00,10863,1051314,49.9,10863,CALENDAR,2141,2012,N,PARTNER,3.910021002757473
2012-12-11 00:00:00,10863,1062834,26.95,10863,CALENDAR,2141,2012,N,PARTNER,3.2939832973550063
2012-11-20 00:00:00,11057,1057444,14.95,11057,CALENDAR,2173,2012,N,AD,2.7047112998366956
2011-12-08 00:00:00,11056,1047226,0.0,11056,CALENDAR,2141,2011,N,PARTNER,-inf
2015-04-14 00:00:00,12176,1282024,22.95,12176,CALENDAR,2236,2015,N,WEB,3.133317936506554
2011-12-20 00:00:00,10862,1057214,89.85,10862,CALENDAR,2141,2011,N,PARTNER,4.498141613229568
2011-12-27 00:00:00,10862,1069830,29.95,10862,CALENDAR,2141,2011,N,PARTNER,3.3995293245614584
2014-10-22 00:00:00,12176,1148397,24.95,12176,CALENDAR,2071,2014,N,AD,3.2168738221975275
2016-06-09 00:00:00,10956,1575268,0.0,10956,FREEBIE,2173,2016,N,AD,-inf
2014-12-02 00:00:00,12820,1182019,0.0,12820,FREEBIE,2150,2014,Y,CATALOG,-inf
2014-11-26 00:00:00,12819,1177178,0.0,12819,FREEBIE,2236,2014,N,WEB,-inf
2014-11-07 00:00:00,12820,1162078,0.0,12820,FREEBIE,2236,2014,N,WEB,-inf
2015-05-27 00:00:00,12820,1305656,0.0,12820,FREEBIE,2235,2015,N,PARTNER,-inf
2014-12-08 00:00:00,12820,1186432,0.0,12820,FREEBIE,2236,2014,N,WEB,-inf
2015-08-02 00:00:00,12820,1355118,0.0,12820,FREEBIE,2141,2015,N,PARTNER,-inf
2015-08-16 00:00:00,12820,1363162,0.0,12820,FREEBIE,2141,2015,N,PARTNER,-inf
2015-01-21 00:00:00,12820,1221016,0.0,12820,FREEBIE,2236,2015,N,WEB,-inf
2015-03-16 00:00:00,12820,1261009,0.0,12820,FREEBIE,2062,2015,N,AD,-inf
2014-12-16 00:00:00,12820,1193106,0.0,12820,FREEBIE,2141,2014,N,PARTNER,-inf
2015-08-23 00:00:00,12820,1368171,0.0,12820,FREEBIE,2236,2015,N,WEB,-inf
2014-12-16 00:00:00,12820,1193209,0.0,12820,FREEBIE,2173,2014,N,AD,-inf
2015-08-11 00:00:00,12820,1361115,0.0,12820,FREEBIE,2141,2015,N,PARTNER,-inf
2015-06-22 00:00:00,13190,1324184,0.0,13190,FREEBIE,2173,2015,N,AD,-inf
2015-05-27 00:00:00,13190,1305790,0.0,13190,FREEBIE,2236,2015,N,WEB,-inf
2014-12-16 00:00:00,12820,1195450,0.0,12820,FREEBIE,2141,2014,N,PARTNER,-inf
2015-02-27 00:00:00,10956,1248087,0.0,10956,FREEBIE,2141,2015,N,PARTNER,-inf
2015-07-26 00:00:00,12820,1349146,0.0,12820,FREEBIE,2200,2015,N,PARTNER,-inf
2015-05-27 00:00:00,12820,1305442,0.0,12820,FREEBIE,2235,2015,N,PARTNER,-inf
2014-11-07 00:00:00,12820,1162040,0.0,12820,FREEBIE,2236,2014,N,WEB,-inf
2014-11-20 00:00:00,12819,1173120,0.0,12819,FREEBIE,2076,2014,Y,AD,-inf
2014-12-10 00:00:00,12820,1187042,0.0,12820,FREEBIE,2141,2014,N,PARTNER,-inf
2016-06-09 00:00:00,10956,1575180,0.0,10956,FREEBIE,2141,2016,N,PARTNER,-inf
2014-12-10 00:00:00,12820,1187029,0.0,12820,FREEBIE,2236,2014,N,WEB,-inf
2014-11-24 00:00:00,12820,1175049,0.0,12820,FREEBIE,2141,2014,N,PARTNER,-inf
2015-08-24 00:00:00,12820,1369123,0.0,12820,FREEBIE,2141,2015,N,PARTNER,-inf
2015-06-10 00:00:00,13190,1315230,0.0,13190,FREEBIE,2236,2015,N,WEB,-inf
2015-12-13 00:00:00,10956,1446807,0.0,10956,FREEBIE,2141,2015,N,PARTNER,-inf
2014-12-10 00:00:00,12820,1187078,0.0,12820,FREEBIE,2236,2014,N,WEB,-inf
2014-12-15 00:00:00,12820,1192018,0.0,12820,FREEBIE,2173,2014,N,AD,-inf
2015-10-08 00:00:00,12820,1400123,0.0,12820,FREEBIE,2141,2015,N,PARTNER,-inf
2014-11-26 00:00:00,12819,1177060,0.0,12819,FREEBIE,2173,2014,N,AD,-inf
2015-06-03 00:00:00,13190,1310266,0.0,13190,FREEBIE,2141,2015,N,PARTNER,-inf
2015-10-01 00:00:00,12820,1395126,0.0,12820,FREEBIE,2141,2015,N,PARTNER,-inf
2014-12-16 00:00:00,12820,1193030,0.0,12820,FREEBIE,2236,2014,N,WEB,-inf
2014-12-10 00:00:00,12820,1187333,0.0,12820,FREEBIE,2236,2014,N,WEB,-inf
2015-06-14 00:00:00,13190,1317234,0.0,13190,FREEBIE,2141,2015,N,PARTNER,-inf
2015-07-08 00:00:00,12820,1337163,0.0,12820,FREEBIE,2141,2015,N,PARTNER,-inf
2014-12-18 00:00:00,12820,1195123,0.0,12820,FREEBIE,2173,2014,N,AD,-inf
2016-04-19 00:00:00,10956,1539130,0.0,10956,FREEBIE,2141,2016,N,PARTNER,-inf
2015-06-24 00:00:00,13190,1326141,0.0,13190,FREEBIE,2064,2015,N,MAIL,-inf
2014-11-19 00:00:00,12819,1172051,0.0,12819,FREEBIE,2141,2014,N,PARTNER,-inf
2015-05-27 00:00:00,12820,1305661,0.0,12820,FREEBIE,2235,2015,N,PARTNER,-inf
2015-10-06 00:00:00,12820,1398250,0.0,12820,FREEBIE,2236,2015,N,WEB,-inf
2014-12-17 00:00:00,12820,1194388,0.0,12820,FREEBIE,2236,2014,N,WEB,-inf
2014-11-03 00:00:00,12820,1157093,0.0,12820,FREEBIE,2141,2014,N,PARTNER,-inf
2015-08-06 00:00:00,10956,1358153,0.0,10956,FREEBIE,2141,2015,N,PARTNER,-inf
2015-09-14 00:00:00,12820,1382134,0.0,12820,FREEBIE,2236,2015,N,WEB,-inf
2015-07-27 00:00:00,12820,1350134,0.0,12820,FREEBIE,2236,2015,N,WEB,-inf
2016-06-17 00:00:00,10956,1581169,0.0,10956,FREEBIE,2141,2016,N,PARTNER,-inf
2015-07-19 00:00:00,12820,1344123,0.0,12820,FREEBIE,2236,2015,N,WEB,-inf
2014-12-01 00:00:00,12819,1181162,0.0,12819,FREEBIE,2076,2014,Y,AD,-inf
2014-11-26 00:00:00,12819,1177108,0.0,12819,FREEBIE,2236,2014,N,WEB,-inf
2016-09-15 00:00:00,10956,1640131,0.0,10956,FREEBIE,2141,2016,N,PARTNER,-inf
2014-12-09 00:00:00,12820,1186005,0.0,12820,FREEBIE,2194,2014,N,WEB,-inf
2015-05-24 00:00:00,12820,1302130,0.0,12820,FREEBIE,2236,2015,N,WEB,-inf
2015-05-20 00:00:00,12820,1300207,0.0,12820,FREEBIE,2141,2015,N,PARTNER,-inf
2015-03-05 00:00:00,10956,1254072,0.0,10956,FREEBIE,2141,2015,N,PARTNER,-inf
2015-06-18 00:00:00,12820,1321176,0.0,12820,FREEBIE,2141,2015,N,PARTNER,-inf
2015-05-27 00:00:00,12820,1305734,0.0,12820,FREEBIE,2141,2015,N,PARTNER,-inf
2014-12-02 00:00:00,12820,1182103,0.0,12820,FREEBIE,2072,2014,Y,MAIL,-inf
2015-03-23 00:00:00,10956,1266129,0.0,10956,FREEBIE,2236,2015,N,WEB,-inf
2016-06-09 00:00:00,10956,1575177,0.0,10956,FREEBIE,2141,2016,N,PARTNER,-inf
2015-10-13 00:00:00,12820,1403159,0.0,12820,FREEBIE,2114,2015,N,AD,-inf
2014-12-16 00:00:00,12820,1193020,0.0,12820,FREEBIE,2173,2014,N,AD,-inf
2015-06-21 00:00:00,13190,1323150,0.0,13190,FREEBIE,2173,2015,N,AD,-inf
2014-11-26 00:00:00,12819,1177037,0.0,12819,FREEBIE,2236,2014,N,WEB,-inf
2015-06-15 00:00:00,13190,1318207,0.0,13190,FREEBIE,2173,2015,N,AD,-inf
2014-11-25 00:00:00,12820,1176043,0.0,12820,FREEBIE,2236,2014,N,WEB,-inf
2015-06-21 00:00:00,13190,1323209,0.0,13190,FREEBIE,2141,2015,N,PARTNER,-inf
2014-12-09 00:00:00,12820,1186223,0.0,12820,FREEBIE,2173,2014,N,AD,-inf
2014-12-08 00:00:00,12820,1186670,0.0,12820,FREEBIE,2236,2014,N,WEB,-inf
2014-11-28 00:00:00,12820,1177994,0.0,12820,FREEBIE,2236,2014,N,WEB,-inf
2015-11-11 00:00:00,10956,1423165,0.0,10956,FREEBIE,2141,2015,N,PARTNER,-inf
2014-11-17 00:00:00,12820,1170106,0.0,12820,FREEBIE,2076,2014,Y,AD,-inf
2014-10-30 00:00:00,12819,1154043,0.0,12819,FREEBIE,2173,2014,N,AD,-inf
2014-12-04 00:00:00,12951,1184046,0.0,12951,FREEBIE,2173,2014,N,AD,-inf
2015-07-19 00:00:00,12820,1344174,0.0,12820,FREEBIE,2236,2015,N,WEB,-inf
2015-08-31 00:00:00,12820,1373199,0.0,12820,FREEBIE,2141,2015,N,PARTNER,-inf
2014-12-15 00:00:00,12507,1166201,0.0,12507,FREEBIE,2141,2014,N,PARTNER,-inf
2015-06-07 00:00:00,13190,1312167,0.0,13190,FREEBIE,2141,2015,N,PARTNER,-inf
2014-12-19 00:00:00,12820,1196288,0.0,12820,FREEBIE,2141,2014,N,PARTNER,-inf
2014-12-16 00:00:00,12820,1193127,0.0,12820,FREEBIE,2141,2014,N,PARTNER,-inf
2014-12-01 00:00:00,12820,1179049,0.0,12820,FREEBIE,2236,2014,N,WEB,-inf
2014-12-02 00:00:00,12820,1182125,0.0,12820,FREEBIE,2141,2014,N,PARTNER,-inf
2014-12-02 00:00:00,12820,1182151,0.0,12820,FREEBIE,2014,2014,N,WEB,-inf
2015-09-14 00:00:00,12820,1382124,0.0,12820,FREEBIE,2236,2015,N,WEB,-inf
2014-12-22 00:00:00,12820,1199014,0.0,12820,FREEBIE,2173,2014,N,AD,-inf
2014-10-30 00:00:00,12820,1154112,0.0,12820,FREEBIE,2236,2014,N,WEB,-inf
2015-10-04 00:00:00,12820,1396117,0.0,12820,FREEBIE,2173,2015,N,AD,-inf
2015-06-15 00:00:00,12820,1318257,0.0,12820,FREEBIE,2141,2015,N,PARTNER,-inf
2015-01-02 00:00:00,12820,1206261,0.0,12820,FREEBIE,2064,2015,N,MAIL,-inf
2015-07-26 00:00:00,12820,1349262,0.0,12820,FREEBIE,2141,2015,N,PARTNER,-inf
2015-06-09 00:00:00,12820,1314161,0.0,12820,FREEBIE,2141,2015,N,PARTNER,-inf
2014-11-14 00:00:00,12506,1167021,0.0,12506,FREEBIE,2141,2014,N,PARTNER,-inf
2015-09-28 00:00:00,12820,1392192,0.0,12820,FREEBIE,2236,2015,N,WEB,-inf
2014-12-08 00:00:00,12820,1186608,0.0,12820,FREEBIE,2173,2014,N,AD,-inf
2014-11-25 00:00:00,12819,1176111,0.0,12819,FREEBIE,2109,2014,Y,AD,-inf
2014-01-27 00:00:00,10994,1090881,9.94,10994,GAME,2236,2014,N,WEB,2.2965670206684825
2015-11-16 00:00:00,13534,1426322,8.95,13534,GAME,2141,2015,N,PARTNER,2.191653532286764
2016-02-04 00:00:00,12830,1485128,99.95,12830,GAME,2236,2016,N,WEB,4.604670060946409
2014-12-16 00:00:00,12170,1193234,40.45,12170,GAME,2141,2014,N,PARTNER,3.700066643504501
2015-02-05 00:00:00,13106,1232022,10.75,13106,GAME,2141,2015,N,PARTNER,2.3749057545736716
2014-12-19 00:00:00,12803,1196319,12.5,12803,GAME,2141,2014,N,PARTNER,2.5257286443082556
2015-10-28 00:00:00,11190,1413198,6.95,11190,GAME,2236,2015,N,WEB,1.9387416595767009
2016-07-11 00:00:00,12830,1595178,99.95,12830,GAME,2141,2016,N,PARTNER,4.604670060946409
2014-03-12 00:00:00,12001,1109621,6.95,12001,GAME,2236,2014,N,WEB,1.9387416595767009
2016-03-29 00:00:00,12170,1522194,39.79,12170,GAME,2141,2016,N,PARTNER,3.683615624438837
2015-05-27 00:00:00,13106,1305717,10.75,13106,GAME,2141,2015,N,PARTNER,2.3749057545736716
2014-12-16 00:00:00,12170,1193234,40.45,12170,GAME,2141,2014,N,PARTNER,3.700066643504501
2015-10-18 00:00:00,13534,1405156,0.0,13534,GAME,2204,2015,N,REFERRAL,-inf
2016-05-24 00:00:00,13259,1564195,18.0,13259,GAME,2141,2016,N,PARTNER,2.8903717578961645
2014-12-10 00:00:00,12170,1187470,89.9,12170,GAME,2236,2014,N,WEB,4.498697941477575
2014-12-19 00:00:00,12813,1196227,5.82,12813,GAME,2141,2014,N,PARTNER,1.7613002617433464
2016-07-11 00:00:00,12131,1595247,17.95,12131,GAME,2236,2016,N,WEB,2.8875901149342877
2014-12-10 00:00:00,11989,1187042,5.46,11989,GAME,2141,2014,N,PARTNER,1.6974487897568136
2016-05-27 00:00:00,12170,1567127,44.95,12170,GAME,2236,2016,N,WEB,3.8055507609176296
2015-12-23 00:00:00,13534,1448515,7.82,13534,GAME,2141,2015,N,PARTNER,2.05668455455722
2015-12-22 00:00:00,11972,1455188,9.94,11972,GAME,2236,2015,N,WEB,2.2965670206684825
2014-11-18 00:00:00,12496,1171225,10.95,12496,GAME,2173,2014,N,AD,2.3933394562625097
2014-04-30 00:00:00,11982,1106245,23.9,11982,GAME,2141,2014,N,PARTNER,3.173878458937465
2013-05-21 00:00:00,11151,1095988,0.0,11151,GAME,2237,2013,N,BULK,-inf
2016-03-15 00:00:00,13108,1511182,11.95,13108,GAME,2117,2016,N,AD,2.4807312783775197
2014-12-15 00:00:00,11989,1192310,6.25,11989,GAME,2141,2014,N,PARTNER,1.8325814637483102
2014-12-03 00:00:00,12815,1183200,11.95,12815,GAME,2236,2014,N,WEB,2.4807312783775197
2014-12-08 00:00:00,10994,1186357,17.9,10994,GAME,2141,2014,N,PARTNER,2.884800712846709
2013-12-23 00:00:00,12004,1112209,8.96,12004,GAME,2236,2013,N,WEB,2.192770226986839
2016-03-21 00:00:00,12803,1516178,0.0,12803,GAME,2117,2016,N,AD,-inf
2014-05-05 00:00:00,11982,1108919,11.95,11982,GAME,2173,2014,N,AD,2.4807312783775197
2014-12-10 00:00:00,11989,1187022,6.25,11989,GAME,2141,2014,N,PARTNER,1.8325814637483102
2014-01-14 00:00:00,10922,1089691,9.94,10922,GAME,2236,2014,N,WEB,2.2965670206684825
2016-08-24 00:00:00,12124,1625163,6.95,12124,GAME,2141,2016,N,PARTNER,1.9387416595767009
2014-10-01 00:00:00,12816,1149103,9.94,12816,GAME,2236,2014,N,WEB,2.2965670206684825
2015-02-20 00:00:00,12486,1244137,10.84,12486,GAME,2141,2015,N,PARTNER,2.3832429960115
2015-05-27 00:00:00,13102,1305667,6.95,13102,GAME,2173,2015,N,AD,1.9387416595767009
2014-06-11 00:00:00,12170,1118121,40.45,12170,GAME,2141,2014,N,PARTNER,3.700066643504501
2016-06-17 00:00:00,13534,1581138,9.95,13534,GAME,2173,2016,N,AD,2.2975725511705014
2016-02-22 00:00:00,13537,1497122,11.95,13537,GAME,2141,2016,N,PARTNER,2.4807312783775197
2015-12-01 00:00:00,13620,1437310,12.99,13620,GAME,2236,2015,N,WEB,2.5641798306825083
2014-12-10 00:00:00,12804,1187216,6.95,12804,GAME,2173,2014,N,AD,1.9387416595767009
2014-12-04 00:00:00,12170,1184013,44.95,12170,GAME,2236,2014,N,WEB,3.8055507609176296
2016-08-02 00:00:00,11989,1609119,0.0,11989,GAME,2237,2016,N,BULK,-inf
2016-08-04 00:00:00,12001,1611136,6.95,12001,GAME,2141,2016,N,PARTNER,1.9387416595767009
2014-12-22 00:00:00,12509,1198061,13.49,12509,GAME,2141,2014,N,PARTNER,2.6019486702196644
2014-05-19 00:00:00,12170,1108442,44.95,12170,GAME,2236,2014,N,WEB,3.8055507609176296
2016-06-02 00:00:00,13259,1570187,0.0,13259,GAME,2141,2016,N,PARTNER,-inf
2015-12-15 00:00:00,13537,1449282,19.68,13537,GAME,2184,2015,N,EMPLOYEE,2.9796028916241073
2013-12-26 00:00:00,12004,1080116,9.94,12004,GAME,2236,2013,N,WEB,2.2965670206684825
2016-04-15 00:00:00,13808,1536209,9.94,13808,GAME,2117,2016,N,AD,2.2965670206684825
2016-04-22 00:00:00,12816,1542187,9.95,12816,GAME,2173,2016,N,AD,2.2975725511705014
2016-08-02 00:00:00,11972,1609119,0.0,11972,GAME,2237,2016,N,BULK,-inf
2014-10-08 00:00:00,12139,1149837,23.35,12139,OCCASION,2141,2014,N,PARTNER,3.150596984114906
2014-11-13 00:00:00,12851,1166329,25.95,12851,OCCASION,2173,2014,N,AD,3.2561716096118976
2011-11-29 00:00:00,11092,1079690,31.1,11092,OCCASION,2236,2011,N,WEB,3.4372078191851885
2014-12-08 00:00:00,12139,1186720,23.35,12139,OCCASION,2141,2014,N,PARTNER,3.150596984114906
2014-06-25 00:00:00,12139,1120003,25.95,12139,OCCASION,2173,2014,N,AD,3.2561716096118976
2015-05-17 00:00:00,12851,1295021,25.95,12851,OCCASION,2236,2015,N,WEB,3.2561716096118976
2015-03-26 00:00:00,12139,1269049,25.95,12139,OCCASION,2236,2015,N,WEB,3.2561716096118976
2014-02-07 00:00:00,11107,1097135,14.35,11107,OCCASION,2141,2014,N,PARTNER,2.66374994220563
2015-09-10 00:00:00,11107,1380133,18.95,11107,OCCASION,2173,2015,N,AD,2.9418039315284354
2014-09-09 00:00:00,12139,1147632,23.35,12139,OCCASION,2141,2014,N,PARTNER,3.150596984114906
2010-01-18 00:00:00,11070,1037110,19.12,11070,OCCASION,2173,2010,N,AD,2.9507349076232554
2011-05-30 00:00:00,11088,1041895,9.59,11088,OCCASION,2141,2011,N,PARTNER,2.2607208888953467
2010-09-23 00:00:00,11083,1019885,34.95,11083,OCCASION,2173,2010,N,AD,3.5539184686798193
2010-09-14 00:00:00,11083,1014546,34.95,11083,OCCASION,2173,2010,N,AD,3.5539184686798193
2014-12-09 00:00:00,11105,1186009,0.0,11105,OCCASION,2141,2014,N,PARTNER,-inf
2013-09-20 00:00:00,11105,1106787,15.95,11105,OCCASION,2236,2013,N,WEB,2.7694588292308535
2014-06-09 00:00:00,12139,1116023,23.35,12139,OCCASION,2141,2014,N,PARTNER,3.150596984114906
2014-06-24 00:00:00,12139,1119155,25.95,12139,OCCASION,2173,2014,N,AD,3.2561716096118976
2012-11-15 00:00:00,11089,1053712,16.66,11089,OCCASION,2141,2012,N,PARTNER,2.8130106367386967
2011-10-25 00:00:00,11088,1073528,19.57,11088,OCCASION,2173,2011,N,AD,2.9739977814079848
2011-12-13 00:00:00,11089,1051258,17.61,11089,OCCASION,2141,2011,N,PARTNER,2.8684669225081145
2012-07-12 00:00:00,11098,1065233,29.95,11098,OCCASION,2173,2012,N,AD,3.3995293245614584
2011-09-26 00:00:00,11088,1067821,19.57,11088,OCCASION,2173,2011,N,AD,2.9739977814079848
2014-05-22 00:00:00,12139,1110110,25.95,12139,OCCASION,2204,2014,N,REFERRAL,3.2561716096118976
2014-06-19 00:00:00,12139,1119069,25.95,12139,OCCASION,2236,2014,N,WEB,3.2561716096118976
2014-05-07 00:00:00,12139,1108606,25.95,12139,OCCASION,2236,2014,N,WEB,3.2561716096118976
2014-05-05 00:00:00,12138,1101984,0.0,12138,OCCASION,2237,2014,N,BULK,-inf
2013-06-03 00:00:00,11098,1086297,29.95,11098,OCCASION,2236,2013,N,WEB,3.3995293245614584
2011-05-23 00:00:00,11088,1036374,17.0,11088,OCCASION,2178,2011,N,INSERT,2.833213344056216
2011-02-11 00:00:00,11083,1015466,34.95,11083,OCCASION,2173,2011,N,AD,3.5539184686798193
2011-03-31 00:00:00,11070,1024442,19.12,11070,OCCASION,2173,2011,N,AD,2.9507349076232554
2016-03-29 00:00:00,11105,1522208,24.95,11105,OCCASION,2236,2016,N,WEB,3.2168738221975275
2012-06-29 00:00:00,11098,1065009,26.95,11098,OCCASION,2141,2012,N,PARTNER,3.2939832973550063
2013-08-09 00:00:00,11105,1100717,15.95,11105,OCCASION,2236,2013,N,WEB,2.7694588292308535
2014-10-21 00:00:00,12174,1151557,20.65,12174,OCCASION,2141,2014,N,PARTNER,3.027715319407042
2014-05-28 00:00:00,12139,1110378,23.35,12139,OCCASION,2141,2014,N,PARTNER,3.150596984114906
2016-03-01 00:00:00,12139,1501190,25.95,12139,OCCASION,2173,2016,N,AD,3.2561716096118976
2013-12-02 00:00:00,11105,1085781,18.95,11105,OCCASION,2236,2013,N,WEB,2.9418039315284354
2014-10-08 00:00:00,12139,1149885,23.35,12139,OCCASION,2150,2014,Y,CATALOG,3.150596984114906
2016-03-01 00:00:00,11071,1501167,18.95,11071,OCCASION,2204,2016,N,REFERRAL,2.9418039315284354
2015-03-09 00:00:00,12139,1256076,25.95,12139,OCCASION,2076,2015,Y,AD,3.2561716096118976
2011-08-22 00:00:00,11088,1052284,19.57,11088,OCCASION,2173,2011,N,AD,2.9739977814079848
2012-01-12 00:00:00,11084,1062801,34.95,11084,OCCASION,2173,2012,N,AD,3.5539184686798193
2011-10-04 00:00:00,11088,1069453,17.61,11088,OCCASION,2141,2011,N,PARTNER,2.8684669225081145
2016-08-04 00:00:00,12139,1611118,23.35,12139,OCCASION,2141,2016,N,PARTNER,3.150596984114906
2015-12-06 00:00:00,13557,1441121,25.95,13557,OCCASION,2236,2015,N,WEB,3.2561716096118976
2016-06-29 00:00:00,13924,1589227,41.32,13924,OCCASION,2141,2016,N,PARTNER,3.721346644251438
2012-11-21 00:00:00,11089,1056143,18.51,11089,OCCASION,2236,2012,N,WEB,2.9183111265854063
2016-07-05 00:00:00,13924,1591272,22.95,13924,OCCASION,2236,2016,N,WEB,3.133317936506554
2015-11-16 00:00:00,12139,1426172,25.95,12139,OCCASION,2114,2015,N,AD,3.2561716096118976
2013-12-20 00:00:00,11098,1076621,29.95,11098,OCCASION,2173,2013,N,AD,3.3995293245614584
2011-05-23 00:00:00,11088,1034193,17.0,11088,OCCASION,2178,2011,N,INSERT,2.833213344056216
2011-07-11 00:00:00,11061,1044847,25.0,11061,OCCASION,2236,2011,N,WEB,3.2188758248682006
2012-12-17 00:00:00,11105,1065345,8.0,11105,OCCASION,2236,2012,N,WEB,2.0794415416798357
2015-06-18 00:00:00,13167,1321147,23.35,13167,OCCASION,2141,2015,N,PARTNER,3.150596984114906
2014-12-19 00:00:00,12139,1196222,51.9,12139,OCCASION,2236,2014,N,WEB,3.949318790171843
2014-06-24 00:00:00,12139,1119608,25.95,12139,OCCASION,2173,2014,N,AD,3.2561716096118976
2015-04-27 00:00:00,11089,1291015,18.95,11089,OCCASION,2236,2015,N,WEB,2.9418039315284354
2014-06-13 00:00:00,12137,1116372,54.95,12137,OCCASION,2173,2014,N,AD,4.006423680849631
2012-11-12 00:00:00,11071,1052680,18.51,11071,OCCASION,2236,2012,N,WEB,2.9183111265854063
2016-07-14 00:00:00,13999,1597153,2.5,13999,OCCASION,2141,2016,N,PARTNER,0.9162907318741551
2012-02-07 00:00:00,11093,1072930,31.45,11093,OCCASION,2141,2012,N,PARTNER,3.4483989831464497
2012-09-25 00:00:00,11089,1043994,33.32,11089,OCCASION,2141,2012,N,PARTNER,3.506157817298642
2011-05-25 00:00:00,11088,1039907,17.41,11088,OCCASION,2236,2011,N,WEB,2.8570447537800976
2014-07-18 00:00:00,12137,1121078,54.95,12137,OCCASION,2236,2014,N,WEB,4.006423680849631
2015-12-07 00:00:00,11093,1442156,35.01,11093,OCCASION,2141,2015,N,PARTNER,3.555633734966574
2016-07-05 00:00:00,13924,1591261,22.95,13924,OCCASION,2146,2016,Y,AD,3.133317936506554
2014-06-24 00:00:00,12139,1119338,25.95,12139,OCCASION,2236,2014,N,WEB,3.2561716096118976
2014-05-07 00:00:00,12139,1103930,23.35,12139,OCCASION,2141,2014,N,PARTNER,3.150596984114906
2011-09-21 00:00:00,11088,1067253,17.57,11088,OCCASION,2141,2011,N,PARTNER,2.866192902199006
2015-06-22 00:00:00,11093,1324206,38.9,11093,OCCASION,2236,2015,N,WEB,3.6609942506244004
2014-11-13 00:00:00,12851,1166329,25.95,12851,OCCASION,2173,2014,N,AD,3.2561716096118976
2016-02-08 00:00:00,12139,1487226,25.95,12139,OCCASION,2204,2016,N,REFERRAL,3.2561716096118976
2015-10-08 00:00:00,12851,1400183,25.95,12851,OCCASION,2236,2015,N,WEB,3.2561716096118976
2012-01-18 00:00:00,11071,1064561,17.21,11071,OCCASION,2141,2012,N,PARTNER,2.845490610223448
2015-03-09 00:00:00,12174,1256047,25.95,12174,OCCASION,2204,2015,N,REFERRAL,3.2561716096118976
2014-11-06 00:00:00,12851,1161116,51.9,12851,OCCASION,2173,2014,N,AD,3.949318790171843
2013-09-09 00:00:00,11107,1103081,15.95,11107,OCCASION,2236,2013,N,WEB,2.7694588292308535
2014-03-18 00:00:00,11098,1103965,26.95,11098,OCCASION,2141,2014,N,PARTNER,3.2939832973550063
2015-12-17 00:00:00,12139,1451185,25.95,12139,OCCASION,2173,2015,N,AD,3.2561716096118976
2013-10-03 00:00:00,11107,1112476,0.0,11107,OCCASION,2141,2013,N,PARTNER,-inf
2014-08-29 00:00:00,12139,1142836,25.95,12139,OCCASION,2236,2014,N,WEB,3.2561716096118976
2013-05-15 00:00:00,11105,1103128,15.95,11105,OCCASION,2236,2013,N,WEB,2.7694588292308535
2013-06-13 00:00:00,11098,1087059,26.95,11098,OCCASION,2141,2013,N,PARTNER,3.2939832973550063
2013-01-03 00:00:00,11084,1070183,32.95,11084,OCCASION,2236,2013,N,WEB,3.4949912609485163
2013-08-14 00:00:00,11098,1098274,29.95,11098,OCCASION,2173,2013,N,AD,3.3995293245614584
2016-08-04 00:00:00,13924,1611152,20.65,13924,OCCASION,2141,2016,N,PARTNER,3.027715319407042
2015-06-28 00:00:00,13254,1329201,33.95,13254,OCCASION,2204,2015,N,REFERRAL,3.5248888540047054
2015-06-16 00:00:00,13166,1293077,23.35,13166,OCCASION,2141,2015,N,PARTNER,3.150596984114906
2012-12-13 00:00:00,11089,1064435,18.51,11089,OCCASION,2236,2012,N,WEB,2.9183111265854063
2014-06-09 00:00:00,12139,1116280,23.35,12139,OCCASION,2141,2014,N,PARTNER,3.150596984114906
2015-01-22 00:00:00,11105,1222058,21.13,11105,OCCASION,2144,2015,N,AD,3.0506938316279655
2012-06-08 00:00:00,11097,1062279,17.65,11097,OCCASION,2141,2012,N,PARTNER,2.8707357833793057
2011-09-06 00:00:00,11088,1065906,17.41,11088,OCCASION,2236,2011,N,WEB,2.8570447537800976
2012-01-05 00:00:00,11093,1064316,34.95,11093,OCCASION,2236,2012,N,WEB,3.5539184686798193
2013-09-12 00:00:00,11105,1105021,15.95,11105,OCCASION,2236,2013,N,WEB,2.7694588292308535
2011-08-24 00:00:00,11092,1049353,34.95,11092,OCCASION,2141,2011,N,PARTNER,3.5539184686798193
2010-12-17 00:00:00,11081,1022172,0.0,11081,OCCASION,2190,2010,N,MAIL,-inf
2015-11-02 00:00:00,11061,1416219,25.0,11061,OCCASION,2236,2015,N,WEB,3.2188758248682006
2014-12-02 00:00:00,12851,1182072,25.95,12851,OCCASION,2236,2014,N,WEB,3.2561716096118976
2011-10-30 00:00:00,11088,1073873,19.57,11088,OCCASION,2173,2011,N,AD,2.9739977814079848
2011-05-23 00:00:00,11088,1039677,19.57,11088,OCCASION,2173,2011,N,AD,2.9739977814079848
2016-07-14 00:00:00,13999,1597176,2.5,13999,OCCASION,2204,2016,N,REFERRAL,0.9162907318741551
2016-07-05 00:00:00,13924,1591317,45.9,13924,OCCASION,2146,2016,Y,AD,3.8264651170664994
2015-02-02 00:00:00,12849,1229019,25.95,12849,OCCASION,2173,2015,N,AD,3.2561716096118976
2015-10-11 00:00:00,11075,1401122,17.05,11075,OCCASION,2141,2015,N,PARTNER,2.8361502037295256
2013-12-23 00:00:00,11089,1101999,0.0,11089,OCCASION,2236,2013,N,WEB,-inf
2014-10-21 00:00:00,12849,1151443,20.76,12849,OCCASION,2076,2014,Y,AD,3.033028058297688
2014-06-24 00:00:00,12139,1119713,23.35,12139,OCCASION,2141,2014,N,PARTNER,3.150596984114906
2013-01-25 00:00:00,11097,1079379,18.51,11097,OCCASION,2236,2013,N,WEB,2.9183111265854063
2014-12-02 00:00:00,12851,1182029,25.95,12851,OCCASION,2236,2014,N,WEB,3.2561716096118976
2013-07-03 00:00:00,11098,1092091,29.95,11098,OCCASION,2173,2013,N,AD,3.3995293245614584
2012-07-23 00:00:00,11088,1066858,10.0,11088,OCCASION,2236,2012,N,WEB,2.302585092994046
2014-06-25 00:00:00,12139,1120066,23.35,12139,OCCASION,2141,2014,N,PARTNER,3.150596984114906
2014-07-22 00:00:00,12139,1122759,23.35,12139,OCCASION,2141,2014,N,PARTNER,3.150596984114906
2014-07-18 00:00:00,12137,1121299,54.95,12137,OCCASION,2236,2014,N,WEB,4.006423680849631
2014-11-13 00:00:00,12851,1166323,23.35,12851,OCCASION,2141,2014,N,PARTNER,3.150596984114906
2015-08-02 00:00:00,12851,1354154,20.76,12851,OCCASION,2033,2015,N,PARTNER,3.033028058297688
2013-01-03 00:00:00,11105,1069270,8.0,11105,OCCASION,2236,2013,N,WEB,2.0794415416798357
2010-06-10 00:00:00,11078,1007305,19.68,11078,OCCASION,2173,2010,N,AD,2.9796028916241073
2012-04-17 00:00:00,11093,1053673,31.45,11093,OCCASION,2141,2012,N,PARTNER,3.4483989831464497
2015-11-30 00:00:00,12174,1436198,23.35,12174,OCCASION,2141,2015,N,PARTNER,3.150596984114906
2014-10-21 00:00:00,12174,1151298,19.91,12174,OCCASION,2076,2014,Y,AD,2.991222118076105
2013-06-19 00:00:00,11105,1089656,15.95,11105,OCCASION,2236,2013,N,WEB,2.7694588292308535
2016-04-08 00:00:00,11089,1530128,17.05,11089,OCCASION,2141,2016,N,PARTNER,2.8361502037295256
2012-09-19 00:00:00,11089,1044506,18.51,11089,OCCASION,2173,2012,N,AD,2.9183111265854063
2015-12-01 00:00:00,13557,1437251,25.95,13557,OCCASION,2236,2015,N,WEB,3.2561716096118976
2012-12-17 00:00:00,11105,1063937,24.0,11105,OCCASION,2236,2012,N,WEB,3.1780538303479458
2012-12-13 00:00:00,11105,1059810,8.0,11105,OCCASION,2236,2012,N,WEB,2.0794415416798357
2015-12-09 00:00:00,13557,1444330,25.95,13557,OCCASION,2173,2015,N,AD,3.2561716096118976
2011-12-06 00:00:00,11093,1044069,34.95,11093,OCCASION,2173,2011,N,AD,3.5539184686798193
2015-06-23 00:00:00,12851,1325149,0.0,12851,OCCASION,2141,2015,N,PARTNER,-inf
2014-06-19 00:00:00,12139,1118229,25.95,12139,OCCASION,2236,2014,N,WEB,3.2561716096118976
2016-06-22 00:00:00,13924,1584203,0.0,13924,OCCASION,2236,2016,N,WEB,-inf
2012-09-28 00:00:00,11098,1044804,26.95,11098,OCCASION,2141,2012,N,PARTNER,3.2939832973550063
2013-09-26 00:00:00,11097,1110685,33.32,11097,OCCASION,2141,2013,N,PARTNER,3.506157817298642
2010-12-28 00:00:00,11078,1001584,0.0,11078,OCCASION,2190,2010,N,MAIL,-inf
2014-09-30 00:00:00,12174,1149026,20.65,12174,OCCASION,2141,2014,N,PARTNER,3.027715319407042
2014-06-16 00:00:00,11105,1117134,24.95,11105,OCCASION,2236,2014,N,WEB,3.2168738221975275
2015-10-11 00:00:00,13254,1401139,33.95,13254,OCCASION,2005,2015,N,PARTNER,3.5248888540047054
2014-05-22 00:00:00,12137,1109272,54.95,12137,OCCASION,2236,2014,N,WEB,4.006423680849631
2011-09-04 00:00:00,11092,1064391,34.95,11092,OCCASION,2173,2011,N,AD,3.5539184686798193
2013-11-07 00:00:00,11089,1078919,16.66,11089,OCCASION,2141,2013,N,PARTNER,2.8130106367386967
2011-05-23 00:00:00,11088,1037501,17.0,11088,OCCASION,2178,2011,N,INSERT,2.833213344056216
2016-02-24 00:00:00,12139,1499133,0.0,12139,OCCASION,2141,2016,N,PARTNER,-inf
2013-12-09 00:00:00,11105,1103585,18.95,11105,OCCASION,2236,2013,N,WEB,2.9418039315284354
2014-07-18 00:00:00,12139,1122110,46.7,12139,OCCASION,2141,2014,N,PARTNER,3.8437441646748516
2015-06-24 00:00:00,13167,1326196,0.0,13167,OCCASION,2173,2015,N,AD,-inf
2013-01-25 00:00:00,11100,1054390,35.1,11100,OCCASION,2141,2013,N,PARTNER,3.55820113047182
2013-03-21 00:00:00,11105,1086606,8.0,11105,OCCASION,2236,2013,N,WEB,2.0794415416798357
2014-05-07 00:00:00,12139,1102476,25.95,12139,OCCASION,2236,2014,N,WEB,3.2561716096118976
2014-08-15 00:00:00,12139,1140581,23.35,12139,OCCASION,2141,2014,N,PARTNER,3.150596984114906
2016-07-14 00:00:00,13999,1597270,2.5,13999,OCCASION,2141,2016,N,PARTNER,0.9162907318741551
2010-07-08 00:00:00,11070,1009791,7.95,11070,OCCASION,2141,2010,N,PARTNER,2.0731719286662407
2016-06-07 00:00:00,12139,1573289,25.95,12139,OCCASION,2173,2016,N,AD,3.2561716096118976
2013-08-28 00:00:00,11107,1099863,15.95,11107,OCCASION,2236,2013,N,WEB,2.7694588292308535
2011-09-04 00:00:00,11092,1067149,69.9,11092,OCCASION,2141,2011,N,PARTNER,4.247065649239764
2011-09-09 00:00:00,11092,1055937,69.9,11092,OCCASION,2178,2011,N,INSERT,4.247065649239764
2012-11-29 00:00:00,11089,1058722,16.66,11089,OCCASION,2173,2012,N,AD,2.8130106367386967
2014-12-16 00:00:00,12828,1192193,34.95,12828,OTHER,2173,2014,N,AD,3.5539184686798193
2016-06-01 00:00:00,12823,1569200,29.95,12823,OTHER,2236,2016,N,WEB,3.3995293245614584
2010-12-21 00:00:00,10992,1023510,99.99,10992,OTHER,2173,2010,N,AD,4.605070180987758
2012-01-02 00:00:00,11007,1057227,32.0,11007,OTHER,2173,2012,N,AD,3.4657359027997265
2014-12-23 00:00:00,12839,1200295,16.15,12839,OTHER,2141,2014,N,PARTNER,2.7819200496686656
2015-08-03 00:00:00,12824,1355200,29.95,12824,OTHER,2236,2015,N,WEB,3.3995293245614584
2010-11-04 00:00:00,11001,1031412,17.99,11001,OTHER,2141,2010,N,PARTNER,2.8898160479624417
2010-12-30 00:00:00,11002,1025631,75.0,11002,OTHER,2236,2010,N,WEB,4.31748811353631
2014-12-12 00:00:00,12823,1189240,26.95,12823,OTHER,2141,2014,N,PARTNER,3.2939832973550063
2015-12-02 00:00:00,12828,1438369,0.0,12828,OTHER,2141,2015,N,PARTNER,-inf
2015-12-02 00:00:00,12828,1438380,0.0,12828,OTHER,2141,2015,N,PARTNER,-inf
2015-11-15 00:00:00,13646,1425194,15.0,13646,OTHER,2236,2015,N,WEB,2.70805020110221
2014-12-30 00:00:00,12136,1204014,34.95,12136,OTHER,2173,2014,N,AD,3.5539184686798193
2015-11-19 00:00:00,12824,1429209,29.95,12824,OTHER,2236,2015,N,WEB,3.3995293245614584
2013-11-18 00:00:00,12007,1086055,13.5,12007,OTHER,2141,2013,N,PARTNER,2.6026896854443837
2014-12-11 00:00:00,12823,1188169,26.95,12823,OTHER,2141,2014,N,PARTNER,3.2939832973550063
2013-09-03 00:00:00,11001,1105924,17.99,11001,OTHER,2141,2013,N,PARTNER,2.8898160479624417
2014-07-14 00:00:00,12136,1122901,0.0,12136,OTHER,2237,2014,N,BULK,-inf
2015-02-27 00:00:00,12823,1248092,29.95,12823,OTHER,2173,2015,N,AD,3.3995293245614584
2016-04-07 00:00:00,13920,1529185,13.46,13920,OTHER,2141,2016,N,PARTNER,2.599722324216582
