orderdate,totalprice
2010-01-01,325.42999999999995
2010-01-02,436.87999999999994
2010-01-03,1257.4500000000003
2010-01-04,1747.89
2010-01-05,1245.76
2010-01-06,358.07
2010-01-07,3402.7099999999973
2010-01-08,863.47
2010-01-09,1171.56
2010-01-10,250.29
2010-01-11,1798.0500000000004
2010-01-12,1810.18
2010-01-13,2766.229999999998
2010-01-14,1695.420000000001
2010-01-15,2173.830000000001
2010-01-16,1479.3200000000004
2010-01-17,338.29
2010-01-18,3282.259999999999
2010-01-19,1095.0200000000002
2010-01-20,1224.02
2010-01-21,2243.5100000000016
2010-01-22,407.52
2010-01-23,632.9700000000001
2010-01-24,94.95
2010-01-25,565.3699999999999
2010-01-26,2053.9100000000003
2010-01-27,653.05
2010-01-28,1101.29
2010-01-29,789.48
2010-01-30,375.73
2010-01-31,57.36
2010-02-01,918.3000000000001
2010-02-02,611.56
2010-02-03,831.88
2010-02-04,476.12999999999994
2010-02-05,154.38
2010-02-06,181.28
2010-02-07,292.33
2010-02-08,640.35
2010-02-09,407.08
2010-02-10,440.68
2010-02-11,448.49
2010-02-12,116.38
2010-02-13,48.8
2010-02-14,294.63
2010-02-15,74.02000000000001
2010-02-16,387.71000000000004
2010-02-17,176.87
2010-02-18,548.43
2010-02-19,170.91000000000003
2010-02-20,337.78999999999996
2010-02-22,128.73000000000002
2010-02-23,446.75
2010-02-24,1644.17
2010-02-25,142.5
2010-02-26,48.849999999999994
2010-02-27,322.23
2010-02-28,244.66999999999996
2010-03-01,401.29999999999995
2010-03-02,136.21
2010-03-03,243.81
2010-03-04,655.0699999999998
2010-03-05,288.69
2010-03-06,80.42
2010-03-07,192.65
2010-03-08,4016.649999999995
2010-03-09,1407.5700000000008
2010-03-10,1023.9500000000003
2010-03-11,381.75
2010-03-12,441.47
2010-03-13,513.4
2010-03-14,270.09999999999997
2010-03-15,378.68999999999994
2010-03-16,308.34000000000003
2010-03-17,129.9
2010-03-18,773.5000000000002
2010-03-19,417.79
2010-03-20,3309.95
2010-03-21,207.95
2010-03-22,3086.64
2010-03-23,504.95
2010-03-24,3028.85
2010-03-25,1358.65
2010-03-26,479.9
2010-03-27,408.95
2010-03-28,314.18
2010-03-29,2253.0699999999997
2010-03-30,700.32
2010-03-31,387.07
2010-04-01,123.7
2010-04-02,426.75
2010-04-03,162.26
2010-04-04,659.75
2010-04-05,3439.909999999999
2010-04-06,2382.5499999999993
2010-04-07,3219.15
2010-04-08,2353.59
2010-04-09,1584.93
2010-04-10,2530.0599999999995
2010-04-11,2372.399999999999
2010-04-12,1081.7500000000002
2010-04-13,1254.4800000000002
2010-04-14,1296.8700000000001
2010-04-15,1079.4599999999998
2010-04-16,514.11
2010-04-17,11738.07
2010-04-18,2015.0
2010-04-19,5005.909999999999
2010-04-20,4056.94
2010-04-21,2792.7
2010-04-22,1847.22
2010-04-23,6374.129999999997
2010-04-24,3824.17
2010-04-25,1091.7399999999998
2010-04-26,3169.1099999999997
2010-04-27,3288.74
2010-04-28,2461.5699999999997
2010-04-29,2376.0499999999993
2010-04-30,2658.4799999999996
2010-05-01,934.12
2010-05-02,3413.959999999999
2010-05-03,1802.8400000000001
2010-05-04,4302.8
2010-05-05,931.63
2010-05-06,4873.3
2010-05-07,1994.0099999999998
2010-05-08,1810.0
2010-05-09,1524.86
2010-05-10,3810.0
2010-05-11,2325.17
2010-05-12,443.26
2010-05-13,1496.9000000000005
2010-05-14,1666.92
2010-05-15,2331.9900000000002
2010-05-16,225.0
2010-05-17,3066.02
2010-05-18,2341.58
2010-05-19,3778.48
2010-05-20,1243.06
2010-05-21,1120.0
2010-05-22,1233.9
2010-05-23,894.12
2010-05-24,6143.76
2010-05-25,5249.11
2010-05-26,3466.7999999999997
2010-05-27,1913.4
2010-05-28,284.36
2010-05-29,1576.33
2010-05-30,2454.56
2010-05-31,643.72
2010-06-01,2091.66
2010-06-02,2618.08
2010-06-03,295.15000000000003
2010-06-04,1933.83
2010-06-05,1030.03
2010-06-06,859.4200000000001
2010-06-07,2650.6
2010-06-08,1924.8300000000002
2010-06-09,2248.72
2010-06-10,1115.92
2010-06-11,741.4799999999998
2010-06-12,6210.91
2010-06-13,2871.7799999999993
2010-06-14,6103.16
2010-06-15,2531.3399999999992
2010-06-16,4097.559999999999
2010-06-17,3950.159999999999
2010-06-18,1595.96
2010-06-19,3411.0299999999993
2010-06-20,807.38
2010-06-21,2419.29
2010-06-22,4271.9299999999985
2010-06-23,1681.3600000000001
2010-06-24,973.2700000000004
2010-06-25,2660.9099999999994
2010-06-26,3910.4500000000003
2010-06-27,1780.5800000000002
2010-06-28,7477.729999999998
2010-06-29,5451.6900000000005
2010-06-30,2130.15
2010-07-01,2104.5600000000004
2010-07-02,4829.439999999999
2010-07-03,889.4000000000002
2010-07-04,431.53
2010-07-05,1086.85
2010-07-06,2601.69
2010-07-07,1332.7000000000003
2010-07-08,4767.909999999996
2010-07-09,1614.9100000000003
2010-07-10,1930.0100000000002
2010-07-11,384.9
2010-07-12,1693.2000000000003
2010-07-13,3737.53
2010-07-14,4243.57
2010-07-15,4081.5499999999993
2010-07-16,1108.4200000000005
2010-07-17,1694.9900000000002
2010-07-18,273.4
2010-07-19,2416.1800000000003
2010-07-20,3941.2599999999998
2010-07-21,1732.79
2010-07-22,3167.4999999999995
2010-07-23,3177.289999999999
2010-07-24,966.1800000000002
2010-07-25,72.80000000000001
2010-07-26,2835.939999999999
2010-07-27,3112.04
2010-07-28,3421.1499999999996
2010-07-29,1458.2800000000009
2010-07-30,1683.2100000000005
2010-07-31,1138.4200000000003
2010-08-01,3159.0699999999997
2010-08-02,3678.169999999999
2010-08-03,2634.6899999999996
2010-08-04,1912.9600000000003
2010-08-05,2400.6899999999996
2010-08-06,1299.2
2010-08-07,2556.839999999999
2010-08-08,490.65
2010-08-09,2948.8
2010-08-10,2122.7100000000005
2010-08-11,1144.3000000000002
2010-08-12,1085.54
2010-08-13,1720.13
2010-08-14,476.37999999999994
2010-08-15,554.75
2010-08-16,2726.0700000000006
2010-08-17,1962.0800000000004
2010-08-18,2357.05
2010-08-19,1608.1500000000008
2010-08-20,3430.1499999999983
2010-08-21,1441.7100000000003
2010-08-22,1929.5000000000002
2010-08-23,2151.060000000001
2010-08-24,3322.9999999999986
2010-08-25,2966.5599999999968
2010-08-26,1701.6400000000008
2010-08-27,1080.4400000000003
2010-08-28,2522.999999999999
2010-08-29,186.84000000000003
2010-08-30,2927.6499999999996
2010-08-31,2816.6899999999996
2010-09-01,2469.2800000000007
2010-09-02,901.2899999999998
2010-09-03,2429.3899999999994
2010-09-04,1577.3400000000004
2010-09-05,2831.26
2010-09-06,595.1600000000001
2010-09-07,1611.14
2010-09-08,1843.43
2010-09-09,958.62
2010-09-10,1036.6
2010-09-11,734.4100000000001
2010-09-12,480.9
2010-09-13,2478.02
2010-09-14,13373.1
2010-09-15,8661.82
2010-09-16,5727.539999999997
2010-09-17,3867.2399999999993
2010-09-18,1528.16
2010-09-19,823.34
2010-09-20,5939.339999999997
2010-09-21,4052.3899999999985
2010-09-22,4081.37
2010-09-23,3170.5
2010-09-24,2344.5299999999997
2010-09-25,1590.04
2010-09-26,848.28
2010-09-27,2075.09
2010-09-28,1901.2900000000002
2010-09-29,1414.5200000000002
2010-09-30,1961.6900000000003
2010-10-01,1249.9099999999999
2010-10-02,1982.45
2010-10-03,1453.3000000000002
2010-10-04,2877.9199999999996
2010-10-05,3409.1299999999997
2010-10-06,5270.839999999999
2010-10-07,1603.5400000000002
2010-10-08,1181.6499999999999
2010-10-09,1731.4200000000003
2010-10-10,1506.42
2010-10-11,2469.63
2010-10-12,4143.5599999999995
2010-10-13,1898.5000000000002
2010-10-14,1390.29
2010-10-15,1135.0600000000002
2010-10-16,1237.33
2010-10-17,325.95
2010-10-18,1952.1700000000005
2010-10-19,1808.1500000000003
2010-10-20,3109.12
2010-10-21,1874.22
2010-10-22,1613.7
2010-10-23,676.75
2010-10-24,553.91
2010-10-25,1664.4300000000003
2010-10-26,1438.0900000000001
2010-10-27,1094.12
2010-10-28,2798.16
2010-10-29,911.85
2010-10-30,2328.0099999999998
2010-10-31,3343.6099999999983
2010-11-01,11172.620000000003
2010-11-02,7663.559999999996
2010-11-03,4722.259999999999
2010-11-04,6195.529999999998
2010-11-05,4157.83
2010-11-06,3602.0699999999997
2010-11-07,4413.04
2010-11-08,9811.709999999995
2010-11-09,7883.129999999997
2010-11-10,5294.649999999999
2010-11-11,10172.48
2010-11-12,5799.079999999998
2010-11-13,1915.45
2010-11-14,1843.3000000000002
2010-11-15,12488.340000000006
2010-11-16,8810.189999999995
2010-11-17,6441.989999999999
2010-11-18,5484.239999999995
2010-11-19,6796.109999999999
2010-11-20,2013.0600000000002
2010-11-21,3337.899999999999
2010-11-22,6910.899999999995
2010-11-23,4750.869999999998
2010-11-24,8515.859999999997
2010-11-25,853.4500000000002
2010-11-26,4203.15
2010-11-27,5474.299999999996
2010-11-28,3515.1399999999985
2010-11-29,13666.720000000012
2010-11-30,8322.789999999995
2010-12-01,6218.879999999997
2010-12-02,8111.349999999994
2010-12-03,8946.939999999999
2010-12-04,6866.279999999994
2010-12-05,2894.039999999999
2010-12-06,11452.33
2010-12-07,7559.259999999992
2010-12-08,8207.839999999993
2010-12-09,10023.929999999997
2010-12-10,8761.819999999996
2010-12-11,6776.869999999994
2010-12-12,3615.309999999998
2010-12-13,10251.96
2010-12-14,13168.83000000001
2010-12-15,7317.359999999996
2010-12-16,7148.509999999996
2010-12-17,4529.999999999997
2010-12-18,3588.629999999999
2010-12-19,2065.7000000000003
2010-12-20,8421.749999999996
2010-12-21,4468.219999999998
2010-12-22,4724.899999999997
2010-12-23,4608.739999999998
2010-12-24,4367.279999999999
2010-12-25,932.71
2010-12-26,1667.7200000000003
2010-12-27,9292.079999999994
2010-12-28,7200.089999999997
2010-12-29,6934.679999999997
2010-12-30,5617.489999999998
2010-12-31,6210.869999999995
2011-01-01,5623.9299999999985
2011-01-02,5566.11
2011-01-03,12724.96
2011-01-04,7204.789999999998
2011-01-05,5634.889999999998
2011-01-06,5073.539999999998
2011-01-07,8844.449999999999
2011-01-08,5987.179999999998
2011-01-09,4872.579999999999
2011-01-10,11052.490000000002
2011-01-11,5782.7999999999965
2011-01-12,8151.819999999995
2011-01-13,6398.679999999996
2011-01-14,4582.539999999999
2011-01-15,1813.1
2011-01-16,3542.01
2011-01-17,10285.060000000009
2011-01-18,7891.909999999998
2011-01-19,5669.159999999998
2011-01-20,5918.819999999999
2011-01-21,2776.18
2011-01-22,5656.130000000001
2011-01-23,3736.73
2011-01-24,7415.349999999994
2011-01-25,5689.429999999996
2011-01-26,4605.369999999999
2011-01-27,4318.269999999999
2011-01-28,1903.3400000000001
2011-01-29,1918.7200000000003
2011-01-30,1898.2100000000007
2011-01-31,6387.289999999996
2011-02-01,4341.949999999999
2011-02-02,4444.349999999999
2011-02-03,3040.9800000000005
2011-02-04,1732.4700000000005
2011-02-05,1541.1100000000008
2011-02-06,1744.7600000000011
2011-02-07,4421.189999999999
2011-02-08,2492.729999999999
2011-02-09,2795.1600000000008
2011-02-10,3019.089999999999
2011-02-11,2279.44
2011-02-12,1772.6400000000003
2011-02-13,1601.0500000000002
2011-02-14,2718.829999999999
2011-02-15,3491.9199999999996
2011-02-16,3672.6199999999994
2011-02-17,3581.7500000000005
2011-02-18,1200.8200000000004
2011-02-19,2128.3599999999997
2011-02-20,1372.7500000000005
2011-02-21,2316.5600000000004
2011-02-22,8656.009999999998
2011-02-23,3320.58
2011-02-24,4013.17
2011-02-25,3976.3
2011-02-26,3927.7299999999987
2011-02-27,4723.32
2011-02-28,13064.880000000003
2011-03-01,5491.299999999999
2011-03-02,3027.0899999999992
2011-03-03,8034.589999999999
2011-03-04,1362.5300000000002
2011-03-05,6612.02
2011-03-06,7067.999999999998
2011-03-07,8270.109999999997
2011-03-08,5059.079999999998
2011-03-09,7252.799999999998
2011-03-10,3827.7500000000005
2011-03-11,2763.4199999999987
2011-03-12,4038.460000000001
2011-03-13,6020.229999999999
2011-03-14,3159.500000000001
2011-03-15,5441.199999999992
2011-03-16,2290.8
2011-03-17,2128.1400000000012
2011-03-18,1115.2600000000002
2011-03-19,2193.9900000000002
2011-03-20,4014.960000000001
2011-03-21,3535.6399999999994
2011-03-22,2319.45
2011-03-23,1433.67
2011-03-24,5067.05
2011-03-25,1703.43
2011-03-26,1768.9500000000003
2011-03-27,3152.2599999999998
2011-03-28,2918.1199999999985
2011-03-29,4993.209999999997
2011-03-30,2503.22
2011-03-31,3318.98
2011-04-01,1060.96
2011-04-02,2241.69
2011-04-03,4972.46
2011-04-04,3083.5500000000015
2011-04-05,2314.9900000000007
2011-04-06,651.3999999999999
2011-04-07,1947.880000000001
2011-04-08,660.1999999999998
2011-04-09,2270.8
2011-04-10,2392.03
2011-04-11,2054.65
2011-04-12,1709.1
2011-04-13,1046.5800000000002
2011-04-14,1558.74
2011-04-15,1539.3600000000001
2011-04-16,1694.13
2011-04-17,2049.9100000000003
2011-04-18,1630.09
2011-04-19,1469.9100000000003
2011-04-20,1568.55
2011-04-21,918.2199999999999
2011-04-22,2107.5000000000005
2011-04-23,1633.85
2011-04-24,2509.25
2011-04-25,2244.3
2011-04-26,1949.66
2011-04-27,1971.9800000000002
2011-04-28,1931.94
2011-04-29,657.9200000000001
2011-04-30,2913.149999999999
2011-05-01,3027.0499999999997
2011-05-02,1121.3500000000001
2011-05-03,3387.8400000000006
2011-05-04,1266.78
2011-05-05,914.5799999999999
2011-05-06,4392.03
2011-05-07,6121.229999999999
2011-05-08,13437.559999999998
2011-05-09,8050.299999999996
2011-05-10,4315.75
2011-05-11,4886.48
2011-05-12,2577.2000000000003
2011-05-13,903.8800000000001
2011-05-14,1262.22
2011-05-15,3101.6900000000005
2011-05-16,2048.2200000000003
2011-05-17,3991.92
2011-05-18,2288.670000000001
2011-05-19,1063.5300000000002
2011-05-20,5947.010000000001
2011-05-21,2603.0499999999993
2011-05-22,4808.5999999999985
2011-05-23,3595.4100000000003
2011-05-24,2273.3399999999992
2011-05-25,2209.7
2011-05-26,4060.7300000000005
2011-05-27,1706.6399999999994
2011-05-28,2079.82
2011-05-29,639.3700000000001
2011-05-30,4425.71
2011-05-31,958.7000000000003
2011-06-01,2007.9499999999998
2011-06-02,1343.0
2011-06-03,600.32
2011-06-04,1150.2500000000002
2011-06-05,3423.5000000000014
2011-06-06,1840.3200000000002
2011-06-07,1874.1099999999997
2011-06-08,1519.15
2011-06-09,2241.359999999999
2011-06-10,706.87
2011-06-11,349.41999999999996
2011-06-12,1444.24
2011-06-13,1244.3100000000002
2011-06-14,781.72
2011-06-15,1345.4900000000005
2011-06-16,892.78
2011-06-17,1048.4500000000003
2011-06-18,3443.4700000000003
2011-06-19,4867.129999999998
2011-06-20,7521.159999999994
2011-06-21,3881.21
2011-06-22,3585.5900000000006
2011-06-23,1203.13
2011-06-24,1430.1200000000001
2011-06-25,1605.24
2011-06-26,3545.02
2011-06-27,4134.25
2011-06-28,3736.790000000001
2011-06-29,2308.22
2011-06-30,1737.5000000000002
2011-07-01,2029.18
2011-07-02,965.45
2011-07-03,2788.2700000000004
2011-07-04,686.77
2011-07-05,3738.750000000002
2011-07-06,2857.9200000000005
2011-07-07,3676.0500000000015
2011-07-08,2089.0200000000004
2011-07-09,1564.5
2011-07-10,2843.91
2011-07-11,2844.66
2011-07-12,1508.7
2011-07-13,3324.4500000000003
2011-07-14,1945.5700000000002
2011-07-15,876.7900000000001
2011-07-16,803.96
2011-07-17,3038.2999999999993
2011-07-18,1603.55
2011-07-19,2568.37
2011-07-20,1957.8999999999999
2011-07-21,1705.9500000000003
2011-07-22,967.6299999999999
2011-07-23,2423.6399999999994
2011-07-24,5045.160000000001
2011-07-25,5206.540000000001
2011-07-26,2531.19
2011-07-27,1692.8700000000001
2011-07-28,730.8900000000001
2011-07-29,1451.3899999999999
2011-07-30,3595.45
2011-07-31,4871.95
2011-08-01,5155.139999999999
2011-08-02,1997.52
2011-08-03,3790.6600000000003
2011-08-04,2812.1400000000003
2011-08-05,1690.4
2011-08-06,3790.339999999999
2011-08-07,6669.149999999991
2011-08-08,4816.459999999997
2011-08-09,7223.969999999995
2011-08-10,2634.8499999999995
2011-08-11,5326.609999999998
2011-08-12,1043.5300000000002
2011-08-13,6488.499999999994
2011-08-14,7802.619999999987
2011-08-15,5873.3699999999935
2011-08-16,3799.249999999997
2011-08-17,2336.1600000000008
2011-08-18,3229.0899999999974
2011-08-19,2859.1200000000003
2011-08-20,2839.46
2011-08-21,6630.109999999998
2011-08-22,1878.8000000000004
2011-08-23,2345.860000000001
2011-08-24,2638.0100000000007
2011-08-25,3077.4300000000003
2011-08-26,2477.9399999999996
2011-08-27,3020.3199999999997
2011-08-28,5431.1599999999935
2011-08-29,5854.899999999998
2011-08-30,3685.889999999998
2011-08-31,2408.6300000000006
2011-09-01,2090.1000000000004
2011-09-02,1583.24
2011-09-03,571.98
2011-09-04,588.5199999999999
2011-09-05,2440.1499999999996
2011-09-06,1985.72
2011-09-07,1724.22
2011-09-08,5112.94
2011-09-09,3595.8499999999995
2011-09-10,2989.1600000000003
2011-09-11,4801.5999999999985
2011-09-12,2634.32
2011-09-13,2588.99
2011-09-14,1697.3700000000001
2011-09-15,1748.3700000000001
2011-09-16,1216.47
2011-09-17,3057.02
2011-09-18,4754.7199999999975
2011-09-19,7261.679999999998
2011-09-20,2861.2900000000004
2011-09-21,1900.0400000000002
2011-09-22,2005.41
2011-09-23,1568.3
2011-09-24,1623.22
2011-09-25,2899.75
2011-09-26,1630.1200000000001
2011-09-27,2297.03
2011-09-28,2701.0399999999995
2011-09-29,2808.0599999999995
2011-09-30,3988.4300000000017
2011-10-01,1599.9800000000002
2011-10-02,5646.97999999999
2011-10-03,3803.0599999999986
2011-10-04,3470.899999999999
2011-10-05,2027.6499999999999
2011-10-06,2916.2300000000005
2011-10-07,2062.94
2011-10-08,510.77
2011-10-09,2173.28
2011-10-10,1668.05
2011-10-11,3667.53
2011-10-12,2362.97
2011-10-13,2020.3999999999999
2011-10-14,1246.8000000000002
2011-10-15,2556.5699999999997
2011-10-16,3565.0900000000006
2011-10-17,3460.149999999999
2011-10-18,3573.5200000000004
2011-10-19,2434.5499999999993
2011-10-20,3276.179999999999
2011-10-21,871.2700000000001
2011-10-22,5354.8899999999985
2011-10-23,8571.109999999999
2011-10-24,2839.0
2011-10-25,2898.890000000001
2011-10-26,6127.839999999997
2011-10-27,4362.830000000001
2011-10-28,1621.68
2011-10-29,1571.0900000000004
2011-10-30,7530.499999999996
2011-10-31,3442.199999999998
2011-11-01,3024.850000000001
2011-11-02,3182.0299999999997
2011-11-03,3857.9999999999955
2011-11-04,724.36
2011-11-05,5721.269999999993
2011-11-06,7531.989999999993
2011-11-07,5115.609999999997
2011-11-08,3479.3499999999985
2011-11-09,4623.77
2011-11-10,5073.329999999995
2011-11-11,6890.349999999998
2011-11-12,2080.7500000000005
2011-11-13,11690.500000000002
2011-11-14,8269.9
2011-11-15,4436.879999999999
2011-11-16,4967.3399999999965
2011-11-17,7302.4099999999935
2011-11-18,5286.139999999996
2011-11-19,3299.5300000000007
2011-11-20,7013.519999999998
2011-11-21,4054.089999999999
2011-11-22,3059.7600000000007
2011-11-23,847.25
2011-11-24,8204.189999999995
2011-11-25,3505.4100000000008
2011-11-26,4155.75
2011-11-27,18631.43000000003
2011-11-28,14000.420000000006
2011-11-29,11760.349999999995
2011-11-30,13163.129999999988
2011-12-01,7154.759999999994
2011-12-02,5311.61
2011-12-03,7858.099999999997
2011-12-04,7625.159999999989
2011-12-05,12877.539999999997
2011-12-06,8991.029999999993
2011-12-07,5807.199999999997
2011-12-08,6144.049999999997
2011-12-09,5565.539999999999
2011-12-10,6984.23
2011-12-11,12483.160000000007
2011-12-12,7730.259999999992
2011-12-13,10749.710000000001
2011-12-14,8292.519999999995
2011-12-15,7883.529999999995
2011-12-16,5941.509999999996
2011-12-17,4185.269999999999
2011-12-18,10083.809999999994
2011-12-19,6757.119999999996
2011-12-20,5870.07
2011-12-21,6123.199999999999
2011-12-22,4619.659999999999
2011-12-23,2694.6599999999994
2011-12-24,1556.6200000000003
2011-12-25,1439.6900000000005
2011-12-26,2822.7299999999996
2011-12-27,6097.579999999991
2011-12-28,7000.029999999996
2011-12-29,5587.939999999996
2011-12-30,2392.5399999999995
2011-12-31,2306.6800000000003
2012-01-01,1757.0400000000002
2012-01-02,6013.949999999997
2012-01-03,4254.119999999999
2012-01-04,6004.799999999994
2012-01-05,5207.8399999999965
2012-01-06,3288.7199999999993
2012-01-07,1140.2800000000002
2012-01-08,6770.249999999997
2012-01-09,6392.499999999996
2012-01-10,4284.829999999999
2012-01-11,2832.6099999999997
2012-01-12,2593.44
2012-01-13,3449.8599999999997
2012-01-14,1026.02
2012-01-15,3949.109999999998
2012-01-16,2465.57
2012-01-17,2469.3399999999992
2012-01-18,4227.070000000001
2012-01-19,2222.1700000000005
2012-01-20,2278.9500000000007
2012-01-21,2548.7199999999993
2012-01-22,2367.2000000000003
2012-01-23,3122.98
2012-01-24,7401.579999999999
2012-01-25,2954.4999999999995
2012-01-26,4506.71
2012-01-27,5231.33
2012-01-28,3565.469999999999
2012-01-29,3761.739999999998
2012-01-30,3423.4300000000007
2012-01-31,4690.9699999999975
2012-02-01,4742.329999999998
2012-02-02,3065.79
2012-02-03,3270.9399999999987
2012-02-04,5323.359999999998
2012-02-05,5744.359999999997
2012-02-06,3234.7200000000003
2012-02-07,4177.68
2012-02-08,3037.9899999999993
2012-02-09,5824.269999999998
2012-02-10,1348.1599999999999
2012-02-11,3298.4699999999984
2012-02-12,5523.659999999998
2012-02-13,3176.0899999999997
2012-02-14,2720.7400000000002
2012-02-15,2971.5299999999997
2012-02-16,5280.110000000001
2012-02-17,3487.8399999999992
2012-02-18,1845.7900000000002
2012-02-19,3357.609999999999
2012-02-20,3004.4199999999996
2012-02-21,2533.6699999999996
2012-02-22,3753.9299999999976
2012-02-23,3613.4100000000003
2012-02-24,1219.54
2012-02-25,2009.5900000000001
2012-02-26,4079.5599999999995
2012-02-27,7814.02
2012-02-28,7259.969999999998
2012-03-01,3234.5399999999995
2012-03-02,4145.329999999996
2012-03-03,4547.9699999999975
2012-03-04,3268.9100000000003
2012-03-05,5019.659999999999
2012-03-06,2596.9800000000005
2012-03-07,4206.53
2012-03-08,1419.7100000000003
2012-03-09,2445.5600000000004
2012-03-10,1933.1
2012-03-11,1444.1000000000001
2012-03-12,2484.63
2012-03-13,2733.4900000000002
2012-03-14,5780.27
2012-03-15,3963.0700000000006
2012-03-16,3354.6600000000003
2012-03-17,898.8
2012-03-18,1040.7700000000002
2012-03-19,3055.49
2012-03-20,5740.379999999999
2012-03-21,3447.420000000002
2012-03-22,1415.6000000000004
2012-03-23,2178.4000000000005
2012-03-24,1233.5900000000001
2012-03-25,1560.06
2012-03-26,2586.8100000000004
2012-03-27,3221.1499999999996
2012-03-28,1858.4400000000005
2012-03-29,3888.3699999999994
2012-03-30,2151.59
2012-03-31,2417.3199999999997
2012-04-01,902.9100000000001
2012-04-02,5061.049999999998
2012-04-03,1796.4900000000002
2012-04-04,1791.2099999999998
2012-04-05,3211.64
2012-04-06,1901.58
2012-04-07,1623.2100000000005
2012-04-08,1240.4600000000005
2012-04-09,4008.319999999999
2012-04-10,3779.5199999999995
2012-04-11,4545.1799999999985
2012-04-12,1819.42
2012-04-13,2600.9699999999993
2012-04-14,158.76999999999998
2012-04-15,772.2600000000001
2012-04-16,1814.92
2012-04-17,2078.53
2012-04-18,1792.5200000000002
2012-04-19,1946.3
2012-04-20,1323.4800000000002
2012-04-21,1207.2
2012-04-22,1084.72
2012-04-23,978.5899999999999
2012-04-24,3035.9199999999983
2012-04-25,2574.189999999999
2012-04-26,2489.05
2012-04-27,1311.3700000000001
2012-04-28,1981.7200000000003
2012-04-29,1638.42
2012-04-30,3586.8
2012-05-01,2044.3500000000001
2012-05-02,1019.85
2012-05-03,831.46
2012-05-04,1428.47
2012-05-05,1181.94
2012-05-06,911.79
2012-05-07,1424.1
2012-05-08,4369.17
2012-05-09,1722.3700000000001
2012-05-10,2327.39
2012-05-11,1349.05
2012-05-12,395.0
2012-05-13,806.9799999999999
2012-05-14,2178.8999999999996
2012-05-15,2788.5199999999995
2012-05-16,2794.579999999999
2012-05-17,1888.1100000000006
2012-05-18,3080.629999999999
2012-05-19,964.8000000000001
2012-05-20,775.83
2012-05-21,2665.59
2012-05-22,1988.0800000000008
2012-05-23,3442.7299999999973
2012-05-24,4009.9099999999976
2012-05-25,2171.1400000000003
2012-05-26,2799.3599999999997
2012-05-27,862.3499999999999
2012-05-28,1229.2200000000003
2012-05-29,3036.6099999999983
2012-05-30,1845.4200000000005
2012-05-31,4454.039999999998
2012-06-01,2701.0499999999997
2012-06-02,2427.1000000000004
2012-06-03,933.6800000000002
2012-06-04,5743.179999999999
2012-06-05,2562.730000000001
2012-06-06,2889.5200000000004
2012-06-07,2660.7599999999993
2012-06-08,4492.98
2012-06-09,1226.4800000000002
2012-06-10,878.2
2012-06-11,2889.6000000000004
2012-06-12,2861.7899999999995
2012-06-13,3323.33
2012-06-14,1950.8400000000001
2012-06-15,2342.35
2012-06-16,2311.62
2012-06-17,723.11
2012-06-18,1880.33
2012-06-19,4219.69
2012-06-20,2149.5000000000005
2012-06-21,1879.1300000000006
2012-06-22,2517.4799999999996
2012-06-23,1092.1600000000003
2012-06-24,467.8
2012-06-25,2076.880000000001
2012-06-26,3678.73
2012-06-27,2709.4900000000002
2012-06-28,1696.6700000000005
2012-06-29,2955.5599999999995
2012-06-30,1349.5500000000004
2012-07-01,1047.0900000000001
2012-07-02,2257.18
2012-07-03,2983.93
2012-07-04,3551.6099999999997
2012-07-05,1947.710000000001
2012-07-06,2071.9400000000005
2012-07-07,854.07
2012-07-08,1870.8000000000004
2012-07-09,2417.25
2012-07-10,2244.4300000000007
2012-07-11,2068.3900000000003
2012-07-12,2881.219999999999
2012-07-13,2165.39
2012-07-14,2227.4899999999993
2012-07-15,1468.71
2012-07-16,4309.569999999999
2012-07-17,2783.3600000000006
2012-07-18,3932.1899999999996
2012-07-19,4305.8499999999985
2012-07-20,2489.77
2012-07-21,92.64
2012-07-22,2031.88
2012-07-23,3285.7299999999987
2012-07-24,1103.56
2012-07-25,2610.2899999999995
2012-07-26,2700.73
2012-07-27,2581.7599999999993
2012-07-28,1473.94
2012-07-29,924.1800000000003
2012-07-30,1759.1000000000001
2012-07-31,2522.5
2012-08-01,5203.8099999999995
2012-08-02,2399.9800000000005
2012-08-03,2213.47
2012-08-04,2562.62
2012-08-05,2164.2
2012-08-06,3089.219999999999
2012-08-07,2760.4000000000005
2012-08-08,5475.509999999999
2012-08-09,4422.98
2012-08-10,4750.0999999999985
2012-08-11,905.73
2012-08-12,1305.62
2012-08-13,5142.3
2012-08-14,2716.5099999999998
2012-08-15,2996.0799999999995
2012-08-16,2180.9500000000003
2012-08-17,1489.7400000000005
2012-08-18,164.84
2012-08-19,1136.16
2012-08-20,9734.110000000002
2012-08-21,2911.2499999999995
2012-08-22,3032.99
2012-08-23,2055.6600000000003
2012-08-24,1987.2900000000004
2012-08-25,628.6300000000001
2012-08-26,1437.8600000000001
2012-08-27,4366.5599999999995
2012-08-28,2651.2900000000004
2012-08-29,2372.1000000000004
2012-08-30,2860.6299999999987
2012-08-31,1794.96
2012-09-01,711.6700000000001
2012-09-02,1241.4500000000003
2012-09-03,1429.19
2012-09-04,3569.9899999999993
2012-09-05,2478.809999999999
2012-09-06,4009.989999999999
2012-09-07,2190.6000000000004
2012-09-08,563.51
2012-09-09,1241.33
2012-09-10,2002.2000000000005
2012-09-11,1228.2800000000002
2012-09-12,1624.0000000000005
2012-09-13,4058.4500000000003
2012-09-14,5948.5599999999995
2012-09-15,3208.19
2012-09-16,4257.410000000001
2012-09-17,4160.379999999998
2012-09-18,4187.539999999999
2012-09-19,3837.1599999999994
2012-09-20,2418.5799999999995
2012-09-21,1993.5600000000006
2012-09-22,858.4100000000001
2012-09-23,2626.050000000001
2012-09-24,7116.249999999998
2012-09-25,3132.26
2012-09-26,1588.6000000000006
2012-09-27,2389.63
2012-09-28,1615.4800000000005
2012-09-29,1806.0300000000002
2012-09-30,1103.5800000000002
2012-10-01,2444.46
2012-10-02,4806.479999999999
2012-10-03,2386.4799999999996
2012-10-04,3275.89
2012-10-05,2486.44
2012-10-06,2295.76
2012-10-07,1410.1100000000001
2012-10-08,2397.38
2012-10-09,2629.0499999999997
2012-10-10,3353.8199999999997
2012-10-11,1369.3000000000002
2012-10-12,639.8100000000001
2012-10-13,428.12
2012-10-14,1589.8500000000001
2012-10-15,1237.1
2012-10-16,1782.7100000000003
2012-10-17,2815.8099999999995
2012-10-18,3001.2500000000005
2012-10-19,2705.0599999999995
2012-10-20,1775.1600000000003
2012-10-21,1680.45
2012-10-22,6937.9299999999985
2012-10-23,2819.5200000000004
2012-10-24,3285.78
2012-10-25,1841.0000000000002
2012-10-26,2217.2400000000002
2012-10-27,807.1500000000001
2012-10-28,875.31
2012-10-29,5384.719999999999
2012-10-30,1667.8500000000004
2012-10-31,3527.6999999999994
2012-11-01,6365.389999999998
2012-11-02,3881.9
2012-11-03,1978.3300000000008
2012-11-04,1655.5300000000002
2012-11-05,5763.069999999999
2012-11-06,18439.00000000001
2012-11-07,13122.119999999997
2012-11-08,12325.019999999999
2012-11-09,8792.1
2012-11-10,3484.54
2012-11-11,4734.49
2012-11-12,16739.15
2012-11-13,9326.46
2012-11-14,9446.260000000011
2012-11-15,6840.180000000004
2012-11-16,7203.7
2012-11-17,6234.73
2012-11-18,4239.96
2012-11-19,15504.350000000006
2012-11-20,9995.990000000003
2012-11-21,6800.410000000001
2012-11-22,2702.9200000000005
2012-11-23,16794.38
2012-11-24,8675.910000000002
2012-11-25,11383.279999999999
2012-11-26,15483.11000000001
2012-11-27,9977.310000000003
2012-11-28,13196.590000000004
2012-11-29,6668.389999999999
2012-11-30,7661.399999999999
2012-12-01,4531.82
2012-12-02,7150.029999999998
2012-12-03,41122.520000000026
2012-12-04,29788.080000000016
2012-12-05,16780.050000000003
2012-12-06,13839.080000000002
2012-12-07,14407.82
2012-12-08,9347.529999999999
2012-12-09,9251.939999999999
2012-12-10,18046.360000000008
2012-12-11,12727.910000000003
2012-12-12,26622.87000000001
2012-12-13,12621.63
2012-12-14,6498.0599999999995
2012-12-15,4491.6900000000005
2012-12-16,6546.1399999999985
2012-12-17,12206.099999999997
2012-12-18,9010.729999999998
2012-12-19,8815.140000000001
2012-12-20,6484.749999999998
2012-12-21,4816.800000000001
2012-12-22,2396.3199999999997
2012-12-23,2367.8199999999997
2012-12-24,3878.3199999999983
2012-12-25,2916.5099999999993
2012-12-26,4191.829999999998
2012-12-27,4972.279999999997
2012-12-28,4538.509999999998
2012-12-29,2443.5599999999995
2012-12-30,5777.289999999999
2012-12-31,5162.9
2013-01-01,2996.96
2013-01-02,8057.87
2013-01-03,10736.229999999998
2013-01-04,9200.229999999996
2013-01-05,5087.4299999999985
2013-01-06,7403.97
2013-01-07,11409.17
2013-01-08,10194.040000000005
2013-01-09,5323.5
2013-01-10,5514.2300000000005
2013-01-11,5437.6
2013-01-12,5082.610000000001
2013-01-13,4651.559999999999
2013-01-14,9514.859999999999
2013-01-15,7524.9699999999975
2013-01-16,6089.269999999999
2013-01-17,4154.029999999999
2013-01-18,8422.2
2013-01-19,1300.4800000000002
2013-01-20,6701.42
2013-01-21,5886.839999999997
2013-01-22,3667.0399999999972
2013-01-23,4377.109999999999
2013-01-24,5584.729999999998
2013-01-25,2699.969999999999
2013-01-26,2002.1799999999998
2013-01-27,1521.2
2013-01-28,4406.529999999996
2013-01-29,2110.86
2013-01-30,2811.9600000000005
2013-01-31,3790.8500000000004
2013-02-01,3400.08
2013-02-02,1914.24
2013-02-03,3064.46
2013-02-04,5950.499999999997
2013-02-05,4158.119999999995
2013-02-06,4156.8
2013-02-07,2526.21
2013-02-08,2701.380000000001
2013-02-09,5031.890000000001
2013-02-10,3028.75
2013-02-11,6210.309999999999
2013-02-12,3342.2899999999995
2013-02-13,1698.07
2013-02-14,1836.48
2013-02-15,2023.6499999999999
2013-02-16,1198.5799999999997
2013-02-17,2032.5300000000002
2013-02-18,2629.280000000001
2013-02-19,4036.950000000001
2013-02-20,4669.44
2013-02-21,3391.8600000000006
2013-02-22,1726.8300000000008
2013-02-23,2833.3
2013-02-24,5696.169999999999
2013-02-25,7672.629999999996
2013-02-26,4387.809999999999
2013-02-27,3276.1200000000003
2013-02-28,6125.879999999997
2013-03-01,6804.919999999997
2013-03-02,3388.99
2013-03-03,1864.1
2013-03-04,6181.100000000001
2013-03-05,3946.2099999999996
2013-03-06,5465.609999999999
2013-03-07,7051.4
2013-03-08,3558.5199999999995
2013-03-09,3107.4700000000003
2013-03-10,2653.5100000000007
2013-03-11,5308.099999999996
2013-03-12,2744.0799999999995
2013-03-13,3600.890000000001
2013-03-14,2277.2400000000002
2013-03-15,3262.5299999999997
2013-03-16,3153.8999999999996
2013-03-17,3091.1900000000005
2013-03-18,5119.629999999999
2013-03-19,5926.890000000002
2013-03-20,3926.500000000001
2013-03-21,3667.0300000000007
2013-03-22,6150.629999999999
2013-03-23,2949.79
2013-03-24,4702.42
2013-03-25,5247.0999999999985
2013-03-26,2259.2100000000005
2013-03-27,1170.3200000000002
2013-03-28,3224.8699999999994
2013-03-29,1567.3200000000002
2013-03-30,2413.11
2013-03-31,1996.6899999999998
2013-04-01,5359.619999999997
2013-04-02,4491.86
2013-04-03,3563.7400000000002
2013-04-04,3870.9099999999985
2013-04-05,2409.9999999999995
2013-04-06,7671.499999999998
2013-04-07,4584.34
2013-04-08,9382.610000000002
2013-04-09,9227.500000000005
2013-04-10,3866.2500000000005
2013-04-11,4358.33
2013-04-12,3379.7000000000003
2013-04-13,2648.05
2013-04-14,4248.469999999999
2013-04-15,11385.050000000005
2013-04-16,4947.679999999998
2013-04-17,4273.769999999999
2013-04-18,3823.400000000001
2013-04-19,6458.209999999996
2013-04-20,3200.7899999999995
2013-04-21,4926.389999999999
2013-04-22,6221.759999999998
2013-04-23,4994.18
2013-04-24,4835.459999999994
2013-04-25,6411.539999999995
2013-04-26,2641.4699999999993
2013-04-27,2197.24
2013-04-28,2654.8
2013-04-29,4441.269999999998
2013-04-30,3886.409999999998
2013-05-01,4510.999999999998
2013-05-02,5369.079999999998
2013-05-03,4347.189999999998
2013-05-04,3675.290000000001
2013-05-05,2714.79
2013-05-06,12327.780000000006
2013-05-07,3322.3099999999963
2013-05-08,3277.0299999999997
2013-05-09,3593.3999999999996
2013-05-10,2296.450000000001
2013-05-11,2699.5099999999993
2013-05-12,2963.56
2013-05-13,6752.339999999994
2013-05-14,8032.12
2013-05-15,3909.769999999998
2013-05-16,3622.2099999999987
2013-05-17,8141.379999999998
2013-05-18,3658.9899999999993
2013-05-19,3733.7999999999993
2013-05-20,3106.2799999999997
2013-05-21,2723.9300000000003
2013-05-22,2039.2500000000002
2013-05-23,3024.4500000000016
2013-05-24,3077.3900000000003
2013-05-25,787.5699999999999
2013-05-26,1810.6900000000003
2013-05-27,3549.7699999999995
2013-05-28,5033.3200000000015
2013-05-29,7036.76
2013-05-30,3730.779999999999
2013-05-31,5321.77
2013-06-01,2110.94
2013-06-02,3980.43
2013-06-03,7304.699999999992
2013-06-04,8847.27
2013-06-05,4536.789999999999
2013-06-06,6814.710000000001
2013-06-07,4241.609999999999
2013-06-08,3200.3199999999983
2013-06-09,5682.12
2013-06-10,7779.779999999997
2013-06-11,5202.619999999998
2013-06-12,5303.959999999999
2013-06-13,5032.679999999999
2013-06-14,2808.2999999999997
2013-06-15,1369.99
2013-06-16,2020.6
2013-06-17,3030.9700000000003
2013-06-18,3225.1900000000005
2013-06-19,4740.489999999999
2013-06-20,3056.74
2013-06-21,2038.5300000000004
2013-06-22,2073.16
2013-06-23,2045.5500000000009
2013-06-24,6963.499999999998
2013-06-25,4098.849999999998
2013-06-26,6033.569999999999
2013-06-27,1059.28
2013-06-28,2591.370000000001
2013-06-29,2121.15
2013-06-30,3923.949999999999
2013-07-01,7689.019999999998
2013-07-02,4466.519999999999
2013-07-03,5646.859999999998
2013-07-04,3433.8599999999988
2013-07-05,4799.289999999998
2013-07-06,2278.1
2013-07-07,3009.05
2013-07-08,6594.689999999997
2013-07-09,5582.449999999997
2013-07-10,5338.579999999999
2013-07-11,3225.84
2013-07-12,3611.3500000000004
2013-07-13,868.1600000000002
2013-07-14,5224.239999999998
2013-07-15,8407.44
2013-07-16,5781.859999999999
2013-07-17,6896.12
2013-07-18,5110.459999999999
2013-07-19,5298.689999999999
2013-07-20,1385.9500000000003
2013-07-21,1797.9500000000003
2013-07-22,4690.54
2013-07-23,7040.069999999999
2013-07-24,2701.9300000000003
2013-07-25,2047.1900000000003
2013-07-26,2383.09
2013-07-27,1894.0100000000002
2013-07-28,7216.989999999998
2013-07-29,6119.86
2013-07-30,5331.13
2013-07-31,2572.3800000000006
2013-08-01,4646.729999999999
2013-08-02,2373.63
2013-08-03,2656.5299999999997
2013-08-04,1226.8400000000001
2013-08-05,2772.65
2013-08-06,3846.6800000000003
2013-08-07,2831.14
2013-08-08,3248.92
2013-08-09,2787.14
2013-08-10,1337.1000000000001
2013-08-11,1388.3400000000004
2013-08-12,2548.7300000000005
2013-08-13,3580.7899999999995
2013-08-14,5554.719999999998
2013-08-15,3099.68
2013-08-16,3507.6099999999988
2013-08-17,1601.6399999999999
2013-08-18,4290.259999999999
2013-08-19,6919.740000000001
2013-08-20,5298.149999999999
2013-08-21,3658.0300000000007
2013-08-22,6913.819999999997
2013-08-23,1730.3800000000003
2013-08-24,2438.3300000000004
2013-08-25,1836.790000000001
2013-08-26,5362.859999999997
2013-08-27,4399.889999999999
2013-08-28,4453.33
2013-08-29,5987.079999999997
2013-08-30,1450.2900000000004
2013-08-31,2362.6599999999994
2013-09-01,1763.54
2013-09-02,3676.219999999998
2013-09-03,2608.81
2013-09-04,8758.239999999989
2013-09-05,7136.049999999995
2013-09-06,6180.149999999993
2013-09-07,3551.609999999999
2013-09-08,3995.0899999999992
2013-09-09,5111.219999999997
2013-09-10,4564.319999999997
2013-09-11,7003.679999999989
2013-09-12,4663.509999999999
2013-09-13,4130.77
2013-09-14,4499.8799999999965
2013-09-15,2244.28
2013-09-16,4649.379999999998
2013-09-17,3302.2600000000007
2013-09-18,3858.0899999999992
2013-09-19,3023.8200000000006
2013-09-20,3761.8599999999988
2013-09-21,3455.259999999999
2013-09-22,588.8699999999999
2013-09-23,2355.4900000000002
2013-09-24,3944.829999999999
2013-09-25,2840.0
2013-09-26,2944.3299999999995
2013-09-27,2583.1299999999997
2013-09-28,4289.269999999994
2013-09-29,3407.4900000000007
2013-09-30,7699.349999999998
2013-10-01,2280.3
2013-10-02,2391.6399999999994
2013-10-03,2752.4399999999987
2013-10-04,2092.8200000000006
2013-10-05,5278.469999999999
2013-10-06,2983.2399999999993
2013-10-07,4091.55
2013-10-08,2544.9800000000005
2013-10-09,2585.499999999999
2013-10-10,2792.38
2013-10-11,2471.439999999999
2013-10-12,885.5500000000003
2013-10-13,1782.17
2013-10-14,5045.689999999999
2013-10-15,3748.929999999999
2013-10-16,3044.969999999999
2013-10-17,2898.0399999999986
2013-10-18,1496.5800000000006
2013-10-19,2045.4300000000014
2013-10-20,1083.1200000000001
2013-10-21,3836.619999999999
2013-10-22,5301.069999999998
2013-10-23,2740.11
2013-10-24,3054.5899999999992
2013-10-25,3299.1199999999976
2013-10-26,3320.8999999999987
2013-10-27,2039.6100000000004
2013-10-28,8426.739999999996
2013-10-29,5087.159999999999
2013-10-30,3153.54
2013-10-31,5388.729999999999
2013-11-01,2838.08
2013-11-02,4719.5199999999995
2013-11-03,5264.5
2013-11-04,3614.7399999999984
2013-11-05,4844.679999999999
2013-11-06,5346.819999999999
2013-11-07,4574.559999999996
2013-11-08,4388.63
2013-11-09,1908.3900000000006
2013-11-10,5049.26
2013-11-11,31974.280000000042
2013-11-12,25357.190000000024
2013-11-13,22662.25000000001
2013-11-14,13743.139999999998
2013-11-15,10716.860000000006
2013-11-16,9147.759999999997
2013-11-17,7317.179999999994
2013-11-18,18790.30000000002
2013-11-19,10162.20999999999
2013-11-20,10998.300000000005
2013-11-21,10282.150000000001
2013-11-22,9282.169999999996
2013-11-23,6567.729999999998
2013-11-24,7392.899999999997
2013-11-25,16735.530000000042
2013-11-26,10607.36
2013-11-27,11168.199999999997
2013-11-28,4901.389999999999
2013-11-29,12686.720000000003
2013-11-30,7577.079999999995
2013-12-01,9463.739999999994
2013-12-02,45796.68999999996
2013-12-03,37344.23000000003
2013-12-04,24316.110000000033
2013-12-05,37343.98000000002
2013-12-06,39945.420000000006
2013-12-07,16999.690000000017
2013-12-08,20697.960000000017
2013-12-09,39951.129999999954
2013-12-10,29784.980000000043
2013-12-11,24175.530000000024
2013-12-12,26642.390000000054
2013-12-13,21388.82000000001
2013-12-14,18495.420000000013
2013-12-15,18889.100000000017
2013-12-16,28901.98000000003
2013-12-17,24426.510000000035
2013-12-18,16342.400000000025
2013-12-19,20120.86000000001
2013-12-20,16472.550000000014
2013-12-21,6280.929999999996
2013-12-22,4922.559999999998
2013-12-23,7708.4799999999905
2013-12-24,5811.8799999999965
2013-12-25,2618.44
2013-12-26,4279.749999999997
2013-12-27,3288.129999999999
2013-12-28,6967.919999999998
2013-12-29,4835.739999999999
2013-12-30,8582.83999999999
2013-12-31,9467.179999999993
2014-01-01,6037.729999999992
2014-01-02,9024.469999999994
2014-01-03,11571.960000000001
2014-01-04,3405.0099999999998
2014-01-05,4349.7
2014-01-06,9840.840000000002
2014-01-07,6446.5899999999965
2014-01-08,6160.950000000001
2014-01-09,3253.74
2014-01-10,9104.539999999995
2014-01-11,2617.499999999999
2014-01-12,5295.939999999999
2014-01-13,5874.199999999996
2014-01-14,8168.299999999993
2014-01-15,3861.459999999999
2014-01-16,5315.260000000001
2014-01-17,5631.239999999998
2014-01-18,1977.14
2014-01-19,6665.919999999999
2014-01-20,10315.91
2014-01-21,9669.979999999998
2014-01-22,8513.629999999986
2014-01-23,5566.2599999999975
2014-01-24,3228.320000000001
2014-01-25,6404.0799999999945
2014-01-26,5346.5999999999985
2014-01-27,7615.609999999995
2014-01-28,6986.059999999996
2014-01-29,6341.739999999996
2014-01-30,5698.729999999999
2014-01-31,7791.959999999994
2014-02-01,5410.79
2014-02-02,5550.269999999999
2014-02-03,3993.3999999999996
2014-02-04,3378.329999999999
2014-02-05,5540.819999999998
2014-02-06,5159.589999999999
2014-02-07,3860.1200000000003
2014-02-08,2986.8100000000004
2014-02-09,2560.1700000000005
2014-02-10,2797.569999999999
2014-02-11,5812.819999999998
2014-02-12,4063.190000000001
2014-02-13,3852.160000000001
2014-02-14,5636.119999999996
2014-02-15,3519.5
2014-02-16,1820.900000000001
2014-02-17,4017.300000000001
2014-02-18,4805.329999999998
2014-02-19,5603.279999999998
2014-02-20,3614.2900000000004
2014-02-21,2721.400000000001
2014-02-22,4525.5599999999995
2014-02-23,1575.2400000000005
2014-02-24,4230.790000000001
2014-02-25,9281.619999999994
2014-02-26,9110.579999999994
2014-02-27,4981.6399999999985
2014-02-28,4679.359999999999
2014-03-01,2419.370000000001
2014-03-02,5436.419999999996
2014-03-03,11064.590000000002
2014-03-04,5412.769999999999
2014-03-05,4399.03
2014-03-06,7985.069999999998
2014-03-07,4290.460000000001
2014-03-08,5313.51
2014-03-09,6195.379999999998
2014-03-10,5999.35
2014-03-11,4016.359999999998
2014-03-12,8437.559999999994
2014-03-13,7176.059999999997
2014-03-14,5107.739999999997
2014-03-15,2096.1600000000003
2014-03-16,2522.26
2014-03-17,6555.949999999999
2014-03-18,6229.409999999998
2014-03-19,4648.089999999998
2014-03-20,3781.0
2014-03-21,3760.9
2014-03-22,3456.8500000000017
2014-03-23,5423.409999999999
2014-03-24,6029.629999999996
2014-03-25,10053.789999999997
2014-03-26,5708.139999999999
2014-03-27,2790.859999999999
2014-03-28,2122.15
2014-03-29,8940.259999999998
2014-03-30,9745.62
2014-03-31,4237.569999999999
2014-04-01,6493.529999999996
2014-04-02,1198.8200000000002
2014-04-03,8879.97
2014-04-04,6914.69
2014-04-05,3551.629999999996
2014-04-06,2405.8399999999997
2014-04-07,4339.579999999999
2014-04-08,6486.889999999999
2014-04-09,2598.53
2014-04-10,2241.69
2014-04-11,4009.6299999999997
2014-04-12,2423.8599999999997
2014-04-13,5258.449999999999
2014-04-14,3567.94
2014-04-15,10904.920000000002
2014-04-16,3142.479999999999
2014-04-17,4513.459999999998
2014-04-18,6620.899999999997
2014-04-19,4993.509999999999
2014-04-20,2284.49
2014-04-21,18231.859999999997
2014-04-22,10761.330000000022
2014-04-23,11842.750000000013
2014-04-24,9798.020000000013
2014-04-25,8955.380000000005
2014-04-26,4654.9299999999985
2014-04-27,3954.7399999999993
2014-04-28,6599.039999999995
2014-04-29,8504.809999999994
2014-04-30,11938.500000000002
2014-05-01,9092.56
2014-05-02,5869.6799999999985
2014-05-03,4247.0
2014-05-04,6310.3799999999965
2014-05-05,6252.299999999996
2014-05-06,7274.7799999999925
2014-05-07,8290.279999999995
2014-05-08,4834.579999999994
2014-05-09,8934.219999999998
2014-05-10,2481.2999999999997
2014-05-11,6197.469999999997
2014-05-12,7839.639999999996
2014-05-13,4329.319999999999
2014-05-14,3227.2599999999998
2014-05-15,4686.77
2014-05-16,6200.919999999998
2014-05-17,1527.2700000000004
2014-05-18,1793.31
2014-05-19,19657.42000000002
2014-05-20,17668.090000000022
2014-05-21,17622.12
2014-05-22,10527.750000000007
2014-05-23,11235.060000000029
2014-05-24,4085.769999999997
2014-05-25,4051.6399999999994
2014-05-26,8951.420000000004
2014-05-27,11376.910000000036
2014-05-28,7830.649999999983
2014-05-29,9435.76000000001
2014-05-30,12956.900000000058
2014-05-31,4505.489999999994
2014-06-01,5375.9199999999955
2014-06-02,10391.990000000005
2014-06-03,13075.240000000014
2014-06-04,13329.850000000037
2014-06-05,12697.820000000002
2014-06-06,7434.139999999994
2014-06-07,6682.759999999994
2014-06-08,20313.200000000015
2014-06-09,14204.960000000034
2014-06-10,9339.570000000005
2014-06-11,10207.540000000014
2014-06-12,11507.260000000015
2014-06-13,9120.53
2014-06-14,3316.22
2014-06-15,11172.99999999998
2014-06-16,3867.6399999999985
2014-06-17,10231.990000000023
2014-06-18,8876.879999999997
2014-06-19,8067.789999999988
2014-06-20,7360.579999999994
2014-06-21,5812.11999999999
2014-06-22,4572.269999999997
2014-06-23,5998.069999999995
2014-06-24,3929.1199999999953
2014-06-25,6919.159999999998
2014-06-26,7536.78999999999
2014-06-27,7122.059999999996
2014-06-28,3003.7999999999993
2014-06-29,1813.9500000000003
2014-06-30,7518.459999999996
2014-07-01,6163.9599999999955
2014-07-02,7534.179999999988
2014-07-03,7496.499999999998
2014-07-04,8834.56
2014-07-05,10458.660000000003
2014-07-06,9309.750000000005
2014-07-07,4594.799999999996
2014-07-08,10477.660000000013
2014-07-09,6445.749999999993
2014-07-10,4556.369999999997
2014-07-11,8512.949999999993
2014-07-12,991.5400000000002
2014-07-13,4821.489999999997
2014-07-14,8183.490000000003
2014-07-15,6007.869999999998
2014-07-16,5455.339999999997
2014-07-17,6658.079999999999
2014-07-18,3979.2699999999986
2014-07-19,2756.7399999999984
2014-07-20,4243.749999999999
2014-07-21,7746.81
2014-07-22,6177.349999999998
2014-07-23,9263.930000000008
2014-07-24,7918.379999999994
2014-07-25,9462.700000000003
2014-07-26,5326.339999999996
2014-07-27,3217.199999999999
2014-07-28,6422.299999999992
2014-07-29,9184.459999999997
2014-07-30,7000.829999999998
2014-07-31,7277.089999999994
2014-08-01,5561.0099999999975
2014-08-02,5183.959999999998
2014-08-03,4794.059999999995
2014-08-04,8872.919999999996
2014-08-05,5753.109999999998
2014-08-06,4150.599999999995
2014-08-07,6666.519999999996
2014-08-08,6108.749999999994
2014-08-09,1871.4100000000012
2014-08-10,3783.8900000000003
2014-08-11,7622.719999999997
2014-08-12,5838.399999999999
2014-08-13,4683.2199999999975
2014-08-14,5726.079999999992
2014-08-15,5056.400000000001
2014-08-16,2924.76
2014-08-17,2274.7300000000005
2014-08-18,6997.7199999999975
2014-08-19,3072.319999999999
2014-08-20,4863.290000000001
2014-08-21,4362.4599999999955
2014-08-22,7382.689999999995
2014-08-23,3498.2799999999997
2014-08-24,2734.7799999999997
2014-08-25,9338.640000000005
2014-08-26,4184.109999999998
2014-08-27,5088.169999999998
2014-08-28,7813.369999999996
2014-08-29,7948.909999999998
2014-08-30,3233.849999999999
2014-08-31,3302.7399999999975
2014-09-01,6284.669999999998
2014-09-02,6088.699999999995
2014-09-03,12224.410000000003
2014-09-04,6003.099999999996
2014-09-05,13131.120000000008
2014-09-06,7975.389999999997
2014-09-07,9637.609999999995
2014-09-08,22552.820000000014
2014-09-09,12565.140000000016
2014-09-10,10168.499999999996
2014-09-11,8325.57
2014-09-12,6807.959999999996
2014-09-13,2744.629999999999
2014-09-14,6843.299999999996
2014-09-15,8066.259999999994
2014-09-16,9473.609999999995
2014-09-17,6562.339999999998
2014-09-18,8413.199999999993
2014-09-19,5949.379999999998
2014-09-20,4634.540000000001
2014-09-21,4492.83
2014-09-22,6077.479999999995
2014-09-23,7149.659999999999
2014-09-24,9438.13
2014-09-25,5216.239999999997
2014-09-26,5545.089999999996
2014-09-27,3628.529999999998
2014-09-28,5530.21
2014-09-29,4650.239999999996
2014-09-30,8097.209999999996
2014-10-01,7205.139999999996
2014-10-02,11734.839999999997
2014-10-03,6475.7199999999975
2014-10-04,1721.2800000000002
2014-10-05,9244.179999999997
2014-10-06,9273.599999999995
2014-10-07,3382.1199999999994
2014-10-08,9135.599999999986
2014-10-09,3439.46
2014-10-10,4221.729999999999
2014-10-11,6464.1399999999985
2014-10-12,1138.2700000000004
2014-10-13,40393.93999999997
2014-10-14,24559.560000000012
2014-10-15,16185.680000000008
2014-10-16,18597.060000000005
2014-10-17,9041.84
2014-10-18,6170.08
2014-10-19,7347.310000000001
2014-10-20,14381.760000000018
2014-10-21,12877.380000000006
2014-10-22,9671.909999999998
2014-10-23,9758.3
2014-10-24,9133.659999999996
2014-10-25,6513.130000000001
2014-10-26,7050.809999999999
2014-10-27,12155.200000000006
2014-10-28,9445.33
2014-10-29,11525.130000000001
2014-10-30,7892.489999999999
2014-10-31,6038.539999999999
2014-11-01,10288.279999999999
2014-11-02,7531.239999999997
2014-11-03,12953.789999999997
2014-11-04,10522.380000000001
2014-11-05,10940.31
2014-11-06,12940.5
2014-11-07,14654.079999999998
2014-11-08,16061.009999999998
2014-11-09,4360.64
2014-11-10,31998.61000000005
2014-11-11,23992.910000000044
2014-11-12,15262.440000000006
2014-11-13,15013.779999999995
2014-11-14,12639.300000000001
2014-11-15,8497.699999999999
2014-11-16,8180.179999999999
2014-11-17,14942.169999999995
2014-11-18,12122.839999999995
2014-11-19,22726.12
2014-11-20,9908.249999999996
2014-11-21,14690.290000000005
2014-11-22,4484.159999999999
2014-11-23,10650.329999999998
2014-11-24,22815.31000000005
2014-11-25,13485.179999999998
2014-11-26,9721.299999999992
2014-11-27,7296.7599999999975
2014-11-28,8575.909999999989
2014-11-29,7678.429999999992
2014-11-30,19644.829999999994
2014-12-01,42477.89000000007
2014-12-02,50143.33000000008
2014-12-03,39621.250000000065
2014-12-04,36249.120000000024
2014-12-05,36442.270000000004
2014-12-06,27532.660000000018
2014-12-07,25050.13000000003
2014-12-08,39926.12000000008
2014-12-09,31973.320000000018
2014-12-10,31900.720000000027
2014-12-11,31313.780000000057
2014-12-12,32178.70000000003
2014-12-13,14336.880000000006
2014-12-14,14793.669999999998
2014-12-15,19588.85000000001
2014-12-16,28448.39000000004
2014-12-17,18680.10000000001
2014-12-18,15611.750000000007
2014-12-19,19467.549999999996
2014-12-20,6607.139999999998
2014-12-21,7413.949999999997
2014-12-22,12119.009999999998
2014-12-23,7773.620000000001
2014-12-24,9460.41
2014-12-25,3606.780000000001
2014-12-26,7888.049999999998
2014-12-27,5303.750000000001
2014-12-28,3720.75
2014-12-29,5759.509999999995
2014-12-30,7518.570000000001
2014-12-31,6103.519999999996
2015-01-01,2911.3600000000006
2015-01-02,7674.129999999995
2015-01-03,3740.5200000000004
2015-01-04,5566.499999999999
2015-01-05,7898.899999999995
2015-01-06,14429.099999999995
2015-01-07,6583.199999999999
2015-01-08,7812.839999999998
2015-01-09,7880.079999999998
2015-01-10,2477.5600000000013
2015-01-11,6167.4400000000005
2015-01-12,5821.929999999998
2015-01-13,6383.829999999995
2015-01-14,5398.5199999999995
2015-01-15,7186.3200000000015
2015-01-16,5669.720000000001
2015-01-17,3731.3400000000006
2015-01-18,3988.8100000000004
2015-01-19,14519.469999999998
2015-01-20,10404.66
2015-01-21,5424.55
2015-01-22,12214.630000000001
2015-01-23,8027.81
2015-01-24,2969.3200000000006
2015-01-25,2904.770000000001
2015-01-26,4927.84
2015-01-27,5647.310000000001
2015-01-28,5469.379999999998
2015-01-29,6393.49
2015-01-30,7239.909999999998
2015-01-31,4175.389999999999
2015-02-01,2313.4800000000005
2015-02-02,5545.18
2015-02-03,4085.929999999999
2015-02-04,6161.220000000001
2015-02-05,4161.300000000001
2015-02-06,4818.040000000001
2015-02-07,2319.1900000000005
2015-02-08,13834.95
2015-02-09,4793.08
2015-02-10,6855.950000000001
2015-02-11,6633.43
2015-02-12,4495.3
2015-02-13,5423.610000000001
2015-02-14,1870.3900000000003
2015-02-15,5116.93
2015-02-16,6861.34
2015-02-17,5360.27
2015-02-18,3428.2400000000007
2015-02-19,3559.5800000000004
2015-02-20,3133.0499999999997
2015-02-21,1664.95
2015-02-22,5021.610000000001
2015-02-23,5788.07
2015-02-24,20810.48
2015-02-25,14521.099999999995
2015-02-26,17780.06
2015-02-27,11416.650000000021
2015-02-28,13815.900000000018
2015-03-01,10183.890000000014
2015-03-02,6470.529999999999
2015-03-03,6330.259999999997
2015-03-04,8209.439999999997
2015-03-05,4054.199999999994
2015-03-06,9753.120000000008
2015-03-07,4084.459999999999
2015-03-08,9991.150000000007
2015-03-09,6527.150000000001
2015-03-10,9103.59000000001
2015-03-11,5293.12
2015-03-12,7808.309999999996
2015-03-13,3248.199999999999
2015-03-14,8504.080000000004
2015-03-15,9860.119999999997
2015-03-16,6945.909999999999
2015-03-17,8001.239999999998
2015-03-18,5633.130000000001
2015-03-19,15383.63000000002
2015-03-20,4818.359999999999
2015-03-21,6337.769999999998
2015-03-22,12813.020000000002
2015-03-23,7445.999999999994
2015-03-24,3632.2200000000003
2015-03-25,5809.24
2015-03-26,10043.150000000001
2015-03-27,3505.8699999999994
2015-03-28,3791.4500000000003
2015-03-29,5059.629999999997
2015-03-30,4006.1799999999985
2015-03-31,2835.8399999999997
2015-04-01,4049.8000000000006
2015-04-02,8151.320000000001
2015-04-03,2798.7200000000003
2015-04-04,4299.700000000001
2015-04-05,8506.889999999998
2015-04-06,7217.169999999999
2015-04-07,3361.7
2015-04-08,9329.130000000001
2015-04-09,8407.96
2015-04-10,3717.0
2015-04-11,1604.5600000000004
2015-04-12,4683.360000000001
2015-04-13,3767.6000000000004
2015-04-14,3853.120000000001
2015-04-15,2051.0500000000006
2015-04-16,5076.1900000000005
2015-04-17,3059.6800000000003
2015-04-18,4085.4499999999994
2015-04-19,5105.549999999999
2015-04-20,5464.609999999995
2015-04-21,5022.529999999996
2015-04-22,8078.579999999994
2015-04-23,4514.450000000001
2015-04-24,5480.279999999998
2015-04-25,2378.6700000000005
2015-04-26,4695.77
2015-04-27,4013.049999999999
2015-04-28,2449.48
2015-04-29,1995.9600000000003
2015-04-30,3080.4300000000003
2015-05-01,2274.35
2015-05-02,3500.83
2015-05-03,4284.1900000000005
2015-05-04,3638.6400000000003
2015-05-05,8536.689999999999
2015-05-06,7097.750000000001
2015-05-07,3218.0099999999998
2015-05-08,981.9000000000001
2015-05-09,2359.7
2015-05-10,4596.400000000001
2015-05-11,3455.080000000001
2015-05-12,5625.81
2015-05-13,4285.679999999999
2015-05-14,2623.7400000000002
2015-05-15,3658.52
2015-05-16,12564.72
2015-05-17,5110.83
2015-05-18,6751.340000000001
2015-05-19,5957.589999999999
2015-05-20,5999.779999999999
2015-05-21,7299.820000000001
2015-05-22,2496.5200000000004
2015-05-23,2526.41
2015-05-24,8764.58
2015-05-25,16040.289999999994
2015-05-26,14311.549999999996
2015-05-27,16782.729999999996
2015-05-28,5726.45
2015-05-29,5573.500000000001
2015-05-30,5439.31
2015-05-31,6744.249999999998
2015-06-01,11735.479999999998
2015-06-02,8821.56
2015-06-03,8145.7
2015-06-04,8104.039999999996
2015-06-05,9494.789999999997
2015-06-06,7507.01
2015-06-07,14390.07
2015-06-08,8709.07
2015-06-09,10140.989999999998
2015-06-10,9938.859999999995
2015-06-11,10238.789999999997
2015-06-12,3837.74
2015-06-13,7102.0300000000025
2015-06-14,12554.110000000002
2015-06-15,17498.84000000001
2015-06-16,7012.4599999999955
2015-06-17,7221.729999999999
2015-06-18,5104.150000000001
2015-06-19,2742.2100000000005
2015-06-20,4933.81
2015-06-21,6776.109999999999
2015-06-22,5503.44
2015-06-23,6004.289999999999
2015-06-24,6354.49
2015-06-25,3804.790000000001
2015-06-26,2468.15
2015-06-27,2461.16
2015-06-28,6096.91
2015-06-29,5977.529999999998
2015-06-30,5591.400000000001
2015-07-01,6165.68
2015-07-02,5359.879999999999
2015-07-03,2633.96
2015-07-04,2693.6500000000005
2015-07-05,4468.25
2015-07-06,7074.38
2015-07-07,5076.329999999999
2015-07-08,5772.359999999998
2015-07-09,4197.88
2015-07-10,4847.79
2015-07-11,2979.7000000000003
2015-07-12,8326.73
2015-07-13,7605.829999999998
2015-07-14,8689.149999999998
2015-07-15,5063.6
2015-07-16,6068.259999999998
2015-07-17,4264.200000000001
2015-07-18,4268.550000000002
2015-07-19,6575.6900000000005
2015-07-20,6311.379999999997
2015-07-21,8393.060000000001
2015-07-22,4985.120000000001
2015-07-23,5268.870000000001
2015-07-24,3203.5699999999997
2015-07-25,2229.4300000000003
2015-07-26,7921.5
2015-07-27,9333.28
2015-07-28,5266.759999999999
2015-07-29,5500.710000000001
2015-07-30,4584.84
2015-07-31,5052.64
2015-08-01,1992.7100000000005
2015-08-02,4512.509999999999
2015-08-03,2156.730000000001
2015-08-04,5403.68
2015-08-05,5788.209999999998
2015-08-06,7394.449999999999
2015-08-07,1666.8200000000002
2015-08-08,2854.830000000001
2015-08-09,18487.180000000026
2015-08-10,9502.649999999998
2015-08-11,3074.7400000000002
2015-08-12,4694.129999999999
2015-08-13,3729.94
2015-08-14,2220.35
2015-08-15,3770.43
2015-08-16,6207.859999999996
2015-08-17,6292.959999999997
2015-08-18,5919.709999999998
2015-08-19,2932.69
2015-08-20,6312.569999999999
2015-08-21,3991.3599999999997
2015-08-22,1590.51
2015-08-23,4639.4699999999975
2015-08-24,7181.409999999999
2015-08-25,6707.179999999997
2015-08-26,2740.7899999999995
2015-08-27,6161.789999999999
2015-08-28,2579.419999999999
2015-08-29,566.15
2015-08-30,7844.6299999999965
2015-08-31,9043.850000000002
2015-09-01,2493.620000000001
2015-09-02,10494.160000000002
2015-09-03,4815.169999999999
2015-09-04,4207.3099999999995
2015-09-05,4683.35
2015-09-06,5264.100000000001
2015-09-07,9928.76
2015-09-08,9914.41
2015-09-09,3512.2200000000003
2015-09-10,5593.549999999999
2015-09-11,3314.8899999999994
2015-09-12,1441.25
2015-09-13,4676.279999999998
2015-09-14,5368.519999999997
2015-09-15,8096.019999999999
2015-09-16,5521.929999999997
2015-09-17,3687.619999999996
2015-09-18,3889.3599999999965
2015-09-19,2038.1399999999994
2015-09-20,6277.239999999995
2015-09-21,5024.299999999995
2015-09-22,5797.739999999996
2015-09-23,2909.0599999999977
2015-09-24,3732.9099999999953
2015-09-25,1425.5300000000002
2015-09-26,1550.7800000000004
2015-09-27,4746.449999999997
2015-09-28,2609.209999999997
2015-09-29,3006.1899999999982
2015-09-30,3224.369999999997
2015-10-01,2792.269999999999
2015-10-02,1478.1100000000001
2015-10-03,3020.1699999999996
2015-10-04,4583.399999999998
2015-10-05,2517.0099999999998
2015-10-06,4469.959999999997
2015-10-07,4714.909999999996
2015-10-08,2430.9100000000008
2015-10-09,1302.0200000000004
2015-10-10,2173.85
2015-10-11,1483.3700000000003
2015-10-12,14937.739999999994
2015-10-13,12717.269999999997
2015-10-14,5420.819999999999
2015-10-15,10266.919999999998
2015-10-16,3970.2300000000005
2015-10-17,3842.8999999999987
2015-10-18,9301.369999999999
2015-10-19,4614.33
2015-10-20,6090.989999999998
2015-10-21,4751.96
2015-10-22,5234.560000000001
2015-10-23,2026.3500000000006
2015-10-24,3208.85
2015-10-25,8424.470000000001
2015-10-26,8843.179999999997
2015-10-27,15084.149999999994
2015-10-28,3780.9300000000003
2015-10-29,6046.899999999999
2015-10-30,2274.92
2015-10-31,9019.759999999998
2015-11-01,18427.65
2015-11-02,9424.249999999996
2015-11-03,6894.3899999999985
2015-11-04,11410.879999999997
2015-11-05,13196.949999999999
2015-11-06,7239.450000000002
2015-11-07,7241.729999999997
2015-11-08,28462.679999999997
2015-11-09,23395.479999999996
2015-11-10,15589.600000000002
2015-11-11,11106.739999999998
2015-11-12,14295.550000000001
2015-11-13,7958.16
2015-11-14,14338.419999999998
2015-11-15,16165.269999999997
2015-11-16,9981.279999999997
2015-11-17,8550.149999999998
2015-11-18,9452.149999999996
2015-11-19,12224.759999999998
2015-11-20,5331.77
2015-11-21,25952.96
2015-11-22,21508.199999999997
2015-11-23,16144.67
2015-11-24,6110.459999999995
2015-11-25,2401.79
2015-11-26,11044.220000000001
2015-11-27,10542.400000000001
2015-11-28,8553.71
2015-11-29,14021.009999999998
2015-11-30,42867.840000000055
2015-12-01,37108.20000000004
2015-12-02,26111.710000000025
2015-12-03,16904.660000000007
2015-12-04,18026.930000000004
2015-12-05,21112.300000000007
2015-12-06,33464.68
2015-12-07,27556.020000000026
2015-12-08,24236.12
2015-12-09,23155.520000000004
2015-12-10,16290.620000000003
2015-12-11,14574.970000000003
2015-12-12,14772.14
2015-12-13,22032.530000000002
2015-12-14,18395.93
2015-12-15,16031.579999999996
2015-12-16,12047.389999999996
2015-12-17,12892.009999999997
2015-12-18,7518.129999999998
2015-12-19,6563.0
2015-12-20,12743.479999999994
2015-12-21,10783.409999999996
2015-12-22,11760.829999999998
2015-12-23,4322.35
2015-12-24,4962.16
2015-12-25,5071.04
2015-12-26,4794.05
2015-12-27,12702.539999999997
2015-12-28,6751.439999999998
2015-12-29,6420.17
2015-12-30,11865.230000000001
2015-12-31,5515.200000000001
2016-01-01,5698.2
2016-01-02,7071.380000000001
2016-01-03,5192.609999999999
2016-01-04,3118.77
2016-01-05,7089.290000000001
2016-01-06,5407.5999999999985
2016-01-07,5273.199999999996
2016-01-08,4807.16
2016-01-09,4607.990000000001
2016-01-10,8275.189999999999
2016-01-11,6286.620000000001
2016-01-12,7883.18
2016-01-13,13185.46
2016-01-14,3534.8300000000004
2016-01-15,1168.5900000000001
2016-01-16,5469.4400000000005
2016-01-17,10501.069999999996
2016-01-18,7421.670000000001
2016-01-19,4499.639999999999
2016-01-20,7206.31
2016-01-21,3921.3199999999997
2016-01-22,2240.55
2016-01-23,8285.329999999998
2016-01-24,7309.889999999999
2016-01-25,6694.68
2016-01-26,6989.050000000001
2016-01-27,7311.62
2016-01-28,4147.540000000001
2016-01-29,3264.9500000000007
2016-01-30,3863.91
2016-01-31,10087.09
2016-02-01,9687.830000000002
2016-02-02,4045.580000000001
2016-02-03,2794.78
2016-02-04,3377.41
2016-02-05,7617.05
2016-02-06,5492.95
2016-02-07,6883.389999999999
2016-02-08,8348.2
2016-02-09,7440.72
2016-02-10,3474.74
2016-02-11,4649.42
2016-02-12,2602.4
2016-02-13,1380.4
2016-02-14,6470.86
2016-02-15,6460.029999999999
2016-02-16,4883.66
2016-02-17,6495.790000000001
2016-02-18,3564.2800000000007
2016-02-19,2099.8500000000004
2016-02-20,3979.34
2016-02-21,4306.22
2016-02-22,5853.650000000001
2016-02-23,4515.570000000001
2016-02-24,8178.650000000001
2016-02-25,2368.8900000000003
2016-02-26,7454.650000000001
2016-02-27,3063.94
2016-02-28,5026.239999999998
2016-03-01,25643.819999999996
2016-03-02,5617.639999999999
2016-03-03,9846.68
2016-03-04,4012.05
2016-03-05,1616.45
2016-03-06,5742.72
2016-03-07,5464.9400000000005
2016-03-08,6838.049999999997
2016-03-09,8363.420000000002
2016-03-10,11163.32
2016-03-11,9033.059999999998
2016-03-12,3728.54
2016-03-13,9707.65
2016-03-14,7234.32
2016-03-15,7554.73
2016-03-16,5431.4800000000005
2016-03-17,5927.76
2016-03-18,7599.77
2016-03-19,3998.09
2016-03-20,7144.8099999999995
2016-03-21,12539.440000000002
2016-03-22,7388.09
2016-03-23,3535.2000000000007
2016-03-24,8092.369999999999
2016-03-25,5499.129999999999
2016-03-26,3925.9500000000003
2016-03-27,3236.56
2016-03-28,11890.18
2016-03-29,20145.679999999997
2016-03-30,14855.54
2016-03-31,8831.83
2016-04-01,9948.61
2016-04-02,6905.25
2016-04-03,2881.04
2016-04-04,7914.220000000001
2016-04-05,16261.86
2016-04-06,7577.05
2016-04-07,5469.87
2016-04-08,5480.289999999999
2016-04-09,3168.34
2016-04-10,2938.17
2016-04-11,7800.43
2016-04-12,8172.789999999999
2016-04-13,8183.99
2016-04-14,6680.389999999999
2016-04-15,3056.24
2016-04-16,2066.75
2016-04-17,5613.150000000001
2016-04-18,7860.0599999999995
2016-04-19,9150.740000000002
2016-04-20,6993.4800000000005
2016-04-21,3807.41
2016-04-22,6807.059999999999
2016-04-23,6054.85
2016-04-24,5717.6
2016-04-25,9635.840000000002
2016-04-26,6818.199999999999
2016-04-27,5926.740000000002
2016-04-28,5601.9800000000005
2016-04-29,5571.290000000001
2016-04-30,3380.059999999999
2016-05-01,11970.020000000002
2016-05-02,7813.309999999999
2016-05-03,8599.730000000003
2016-05-04,11345.600000000002
2016-05-05,6984.390000000001
2016-05-06,5233.6
2016-05-07,2139.4499999999994
2016-05-08,7647.009999999999
2016-05-09,6186.539999999999
2016-05-10,10629.260000000007
2016-05-11,6335.93
2016-05-12,6027.67
2016-05-13,10262.100000000002
2016-05-14,6479.76
2016-05-15,1311.4800000000005
2016-05-16,9650.560000000001
2016-05-17,5847.759999999999
2016-05-18,4590.620000000001
2016-05-19,5460.25
2016-05-20,3671.57
2016-05-21,919.3100000000001
2016-05-22,4401.279999999998
2016-05-23,8313.700000000003
2016-05-24,8339.06
2016-05-25,7498.219999999994
2016-05-26,7219.239999999996
2016-05-27,5534.959999999999
2016-05-28,3483.289999999999
2016-05-29,7248.47
2016-05-30,27528.85
2016-05-31,28752.26000000001
2016-06-01,14315.93000000001
2016-06-02,16481.760000000006
2016-06-03,8598.82
2016-06-04,5495.8499999999985
2016-06-05,7470.6799999999985
2016-06-06,10724.900000000003
2016-06-07,10509.86
2016-06-08,14702.520000000002
2016-06-09,7678.7199999999975
2016-06-10,9505.720000000001
2016-06-11,4184.2300000000005
2016-06-12,12491.0
2016-06-13,13648.779999999992
2016-06-14,6180.499999999997
2016-06-15,13888.269999999986
2016-06-16,9987.199999999999
2016-06-17,5496.9299999999985
2016-06-18,3588.5999999999995
2016-06-19,3850.33
2016-06-20,13365.940000000019
2016-06-21,3064.250000000001
2016-06-22,9982.8
2016-06-23,13220.749999999993
2016-06-24,8602.02
2016-06-25,2726.6600000000008
2016-06-26,3728.01
2016-06-27,11716.29
2016-06-28,7285.7
2016-06-29,8029.59
2016-06-30,12262.160000000002
2016-07-01,5155.290000000001
2016-07-02,6416.7300000000005
2016-07-03,3998.6500000000005
2016-07-04,9882.239999999998
2016-07-05,15759.54
2016-07-06,8699.36
2016-07-07,5687.990000000001
2016-07-08,8334.490000000002
2016-07-09,5770.210000000001
2016-07-10,3525.15
2016-07-11,23318.440000000006
2016-07-12,9587.04
2016-07-13,3877.8700000000003
2016-07-14,3972.190000000001
2016-07-15,7088.3099999999995
2016-07-16,980.45
2016-07-17,10389.95
2016-07-18,8341.220000000001
2016-07-19,7935.700000000001
2016-07-20,4309.93
2016-07-21,6654.02
2016-07-22,6528.8899999999985
2016-07-23,6614.99
2016-07-24,5280.49
2016-07-25,11155.69
2016-07-26,11055.569999999996
2016-07-27,7996.0599999999995
2016-07-28,15366.96
2016-07-29,7271.0199999999995
2016-07-30,9834.26
2016-07-31,10018.680000000004
2016-08-01,8499.949999999999
2016-08-02,8479.090000000004
2016-08-03,11593.330000000002
2016-08-04,7084.61
2016-08-05,4892.509999999999
2016-08-06,6154.02
2016-08-07,4952.66
2016-08-08,8708.570000000002
2016-08-09,5831.32
2016-08-10,4871.900000000001
2016-08-11,6102.400000000001
2016-08-12,5732.31
2016-08-13,3679.7799999999997
2016-08-14,3007.7799999999997
2016-08-15,4825.28
2016-08-16,4229.52
2016-08-17,3564.8
2016-08-18,4777.76
2016-08-19,2503.0400000000004
2016-08-20,2605.330000000001
2016-08-21,6486.8099999999995
2016-08-22,4964.92
2016-08-23,12821.56
2016-08-24,6615.0199999999995
2016-08-25,3644.0999999999985
2016-08-26,4309.599999999999
2016-08-27,2472.2600000000016
2016-08-28,1061.3300000000002
2016-08-29,5670.930000000002
2016-08-30,2078.120000000001
2016-08-31,2167.8900000000003
2016-09-01,3168.3099999999995
2016-09-02,1410.6400000000003
2016-09-03,718.08
2016-09-04,2634.9799999999996
2016-09-05,4596.77
2016-09-06,9449.58
2016-09-07,4972.78
2016-09-08,5647.29
2016-09-09,660.4499999999999
2016-09-10,413.59999999999997
2016-09-11,663.5100000000002
2016-09-12,1226.3200000000004
2016-09-13,3081.5
2016-09-14,1069.54
2016-09-15,531.72
2016-09-16,813.2600000000002
2016-09-17,139.65
2016-09-18,1050.2600000000004
2016-09-19,1023.7100000000002
2016-09-20,94.4
