Month,Year,Channel,TotalRevenue
1,2010,AD,22175.850000000064
11,2012,AD,30960.870000000043
8,2016,AD,19568.390000000032
4,2015,AD,18026.660000000058
8,2015,AD,16669.69000000003
2,2012,AD,20139.94000000006
11,2013,AD,38407.03999999998
4,2016,AD,32709.860000000015
8,2014,AD,14313.20000000005
5,2010,AD,19780.44000000002
3,2012,AD,14022.340000000015
11,2014,AD,76398.2299999992
8,2013,AD,17720.710000000025
5,2011,AD,7931.419999999992
8,2012,AD,14453.910000000016
2,2010,AD,7621.8799999999965
11,2015,AD,47416.509999999886
5,2012,AD,10523.650000000003
8,2011,AD,27043.940000000133
5,2013,AD,15441.43000000001
1,2016,AD,16188.49000000004
12,2010,AD,45283.670000000006
8,2010,AD,22573.91000000013
5,2014,AD,31062.950000000128
7,2016,AD,28977.960000000043
1,2015,AD,24627.330000000104
2,2013,AD,16438.20000000001
4,2014,AD,13896.030000000022
9,2010,AD,23657.180000000037
4,2013,AD,22985.980000000014
10,2012,AD,10981.170000000016
10,2011,AD,22265.540000000048
3,2013,AD,20481.37000000001
3,2011,AD,20200.380000000034
10,2013,AD,14562.160000000022
10,2010,AD,17914.73000000002
3,2014,AD,10378.929999999997
9,2016,AD,6737.149999999997
3,2015,AD,39345.90000000004
3,2010,AD,14044.530000000026
10,2014,AD,120358.75999999909
9,2015,AD,13265.960000000034
12,2011,AD,32158.68000000014
3,2016,AD,31239.58000000001
2,2016,AD,8802.499999999995
10,2015,AD,25104.91000000007
4,2010,AD,23176.35000000003
9,2013,AD,13268.40000000001
4,2011,AD,9131.809999999994
2,2015,AD,29030.1800000001
11,2010,AD,57488.3199999999
9,2012,AD,12528.020000000013
4,2012,AD,10520.02
9,2011,AD,14357.570000000022
2,2014,AD,16472.16000000001
11,2011,AD,36583.680000000044
9,2014,AD,19079.09000000007
5,2015,AD,29953.180000000124
2,2011,AD,23337.84000000005
7,2010,AD,19185.85000000004
6,2013,AD,18687.72000000001
7,2011,AD,13777.369999999997
7,2013,AD,24565.010000000028
6,2010,AD,20941.540000000055
7,2014,AD,20211.750000000102
1,2011,AD,57085.23999999988
12,2015,AD,45167.540000000015
1,2013,AD,30164.940000000046
12,2013,AD,56404.87999999984
6,2014,AD,27948.190000000162
12,2014,AD,77190.44999999946
1,2012,AD,17647.270000000037
1,2014,AD,14912.070000000029
12,2012,AD,44244.06999999998
6,2011,AD,9240.399999999994
6,2016,AD,51939.01999999974
7,2012,AD,11522.650000000003
6,2012,AD,10868.810000000005
6,2015,AD,25489.200000000106
7,2015,AD,21738.880000000052
5,2016,AD,31557.550000000072
11,2011,BULK,0.0
11,2010,BULK,10.0
2,2013,BULK,747.5
9,2012,BULK,0.0
7,2011,BULK,0.0
4,2014,BULK,141.62
1,2012,BULK,0.0
7,2015,BULK,104.0
9,2011,BULK,778.0
9,2010,BULK,45.0
4,2013,BULK,0.0
12,2014,BULK,0.0
2,2014,BULK,388.7
2,2015,BULK,1713.2
4,2012,BULK,0.0
4,2011,BULK,0.0
6,2012,BULK,0.0
9,2013,BULK,0.0
1,2010,BULK,3515.6
10,2012,BULK,0.0
10,2011,BULK,560.0
6,2015,BULK,2133.5
3,2013,BULK,0.0
10,2010,BULK,0.0
3,2011,BULK,0.0
10,2013,BULK,306.64
6,2016,BULK,900.0
3,2014,BULK,0.0
9,2016,BULK,0.0
6,2014,BULK,74.75
3,2015,BULK,6416.0
3,2010,BULK,0.0
12,2015,BULK,104.0
10,2014,BULK,1900.0
9,2015,BULK,330.0
3,2016,BULK,519.5
9,2014,BULK,299.5
1,2011,BULK,369.9
2,2016,BULK,1540.0
11,2012,BULK,523.25
7,2010,BULK,0.0
10,2015,BULK,1375.0
4,2010,BULK,0.0
6,2013,BULK,3711.6
8,2016,BULK,134.55
3,2012,BULK,0.0
1,2013,BULK,508.29999999999995
6,2010,BULK,0.0
7,2016,BULK,2970.0
2,2010,BULK,0.0
7,2012,BULK,0.0
2,2011,BULK,0.0
7,2014,BULK,6995.5
5,2014,BULK,59.84
11,2014,BULK,0.0
1,2014,BULK,242.45
8,2013,BULK,0.0
7,2013,BULK,0.0
8,2012,BULK,0.0
8,2010,BULK,0.0
5,2011,BULK,0.0
12,2012,BULK,6780.0
5,2010,BULK,179.52
12,2010,BULK,245.0
8,2014,BULK,1284.7
5,2012,BULK,0.0
8,2011,BULK,0.0
4,2015,BULK,6395.249999999999
5,2015,BULK,373.0
5,2013,BULK,12.95
8,2015,BULK,45.5
12,2011,BULK,209.55
11,2015,BULK,0.0
1,2016,BULK,775.0
5,2016,BULK,6875.0
1,2015,BULK,8416.5
6,2011,BULK,0.0
11,2013,BULK,0.0
12,2013,BULK,0.0
4,2016,BULK,0.0
2,2012,BULK,315.0
5,2013,CATALOG,0.0
6,2014,CATALOG,0.0
8,2016,CATALOG,0.0
9,2016,CATALOG,0.0
3,2014,CATALOG,0.0
6,2016,CATALOG,341.25000000000006
5,2014,CATALOG,0.0
7,2016,CATALOG,929.65
5,2016,CATALOG,49.45
10,2010,CATALOG,0.0
3,2013,CATALOG,0.0
6,2015,CATALOG,352.75
10,2011,CATALOG,0.0
3,2012,CATALOG,0.0
5,2015,CATALOG,680.35
8,2010,CATALOG,0.0
7,2014,CATALOG,0.0
6,2010,CATALOG,0.0
9,2015,CATALOG,106.64
7,2012,CATALOG,0.0
4,2015,CATALOG,107.95
8,2015,CATALOG,23.35
4,2014,CATALOG,0.0
6,2011,CATALOG,0.0
6,2012,CATALOG,0.0
9,2010,CATALOG,0.0
4,2013,CATALOG,0.0
4,2016,CATALOG,175.5
8,2014,CATALOG,0.0
9,2011,CATALOG,0.0
4,2012,CATALOG,0.0
5,2010,CATALOG,0.0
7,2011,CATALOG,0.0
9,2012,CATALOG,0.0
8,2013,CATALOG,0.0
4,2011,CATALOG,0.0
7,2013,CATALOG,0.0
6,2013,CATALOG,0.0
5,2011,CATALOG,0.0
9,2013,CATALOG,0.0
4,2010,CATALOG,0.0
8,2012,CATALOG,0.0
7,2010,CATALOG,0.0
9,2014,CATALOG,30308.66000000006
5,2012,CATALOG,0.0
8,2011,CATALOG,0.0
3,2015,CATALOG,269.96
7,2015,CATALOG,1584.3100000000002
3,2016,CATALOG,0.0
1,2016,CATALOG,0.0
11,2015,CATALOG,17.95
11,2012,CATALOG,0.0
12,2014,CATALOG,8675.1
2,2013,CATALOG,0.0
3,2010,CATALOG,0.0
10,2014,CATALOG,9277.149999999996
1,2012,CATALOG,0.0
12,2010,CATALOG,0.0
11,2011,CATALOG,0.0
2,2014,CATALOG,0.0
12,2013,CATALOG,0.0
1,2013,CATALOG,0.0
1,2015,CATALOG,1391.8
12,2011,CATALOG,0.0
2,2016,CATALOG,0.0
10,2015,CATALOG,423.8
11,2010,CATALOG,0.0
12,2012,CATALOG,0.0
2,2015,CATALOG,502.15
2,2010,CATALOG,0.0
10,2013,CATALOG,0.0
1,2014,CATALOG,0.0
11,2013,CATALOG,0.0
2,2011,CATALOG,0.0
1,2010,CATALOG,0.0
2,2012,CATALOG,0.0
10,2012,CATALOG,0.0
11,2014,CATALOG,5752.509999999998
3,2011,CATALOG,0.0
12,2015,CATALOG,686.6400000000001
1,2011,CATALOG,0.0
11,2014,CONFERENCE,0.0
9,2011,CONFERENCE,0.0
4,2016,CONFERENCE,0.0
7,2016,CONFERENCE,0.0
1,2015,CONFERENCE,0.0
4,2012,CONFERENCE,0.0
12,2011,CONFERENCE,0.0
11,2010,CONFERENCE,0.0
5,2010,CONFERENCE,0.0
8,2014,CONFERENCE,0.0
9,2012,CONFERENCE,0.0
5,2015,CONFERENCE,0.0
7,2015,CONFERENCE,0.0
4,2011,CONFERENCE,0.0
2,2011,CONFERENCE,0.0
8,2013,CONFERENCE,0.0
5,2014,CONFERENCE,0.0
2,2010,CONFERENCE,0.0
11,2013,CONFERENCE,0.0
4,2015,CONFERENCE,0.0
11,2015,CONFERENCE,0.0
11,2012,CONFERENCE,0.0
8,2012,CONFERENCE,0.0
8,2016,CONFERENCE,0.0
5,2012,CONFERENCE,0.0
5,2011,CONFERENCE,0.0
8,2011,CONFERENCE,0.0
4,2014,CONFERENCE,0.0
2,2014,CONFERENCE,0.0
8,2015,CONFERENCE,0.0
1,2016,CONFERENCE,0.0
1,2014,CONFERENCE,0.0
5,2013,CONFERENCE,300.0
2,2012,CONFERENCE,0.0
9,2010,CONFERENCE,0.0
8,2010,CONFERENCE,0.0
12,2010,CONFERENCE,0.0
4,2013,CONFERENCE,0.0
11,2011,CONFERENCE,0.0
2,2013,CONFERENCE,0.0
3,2012,CONFERENCE,0.0
2,2015,CONFERENCE,0.0
6,2012,CONFERENCE,0.0
12,2013,CONFERENCE,0.0
3,2014,CONFERENCE,0.0
6,2011,CONFERENCE,0.0
10,2014,CONFERENCE,0.0
1,2011,CONFERENCE,0.0
9,2015,CONFERENCE,0.0
7,2012,CONFERENCE,0.0
7,2010,CONFERENCE,0.0
3,2016,CONFERENCE,0.0
1,2012,CONFERENCE,0.0
3,2010,CONFERENCE,0.0
5,2016,CONFERENCE,0.0
10,2010,CONFERENCE,0.0
3,2011,CONFERENCE,0.0
9,2016,CONFERENCE,0.0
7,2011,CONFERENCE,0.0
10,2013,CONFERENCE,0.0
12,2014,CONFERENCE,0.0
3,2015,CONFERENCE,0.0
12,2015,CONFERENCE,0.0
3,2013,CONFERENCE,0.0
1,2013,CONFERENCE,0.0
9,2013,CONFERENCE,0.0
6,2015,CONFERENCE,0.0
7,2014,CONFERENCE,0.0
12,2012,CONFERENCE,0.0
1,2010,CONFERENCE,0.0
6,2016,CONFERENCE,0.0
4,2010,CONFERENCE,0.0
10,2015,CONFERENCE,0.0
2,2016,CONFERENCE,0.0
6,2010,CONFERENCE,0.0
6,2013,CONFERENCE,0.0
10,2011,CONFERENCE,0.0
6,2014,CONFERENCE,0.0
10,2012,CONFERENCE,0.0
9,2014,CONFERENCE,0.0
7,2013,CONFERENCE,0.0
6,2013,EMAIL,0.0
7,2010,EMAIL,0.0
6,2014,EMAIL,957.9400000000002
6,2016,EMAIL,0.0
5,2011,EMAIL,0.0
1,2011,EMAIL,0.0
2,2010,EMAIL,0.0
8,2013,EMAIL,0.0
12,2015,EMAIL,481.2
8,2012,EMAIL,0.0
11,2014,EMAIL,88.9
1,2010,EMAIL,0.0
5,2016,EMAIL,208.7
11,2015,EMAIL,391.17999999999995
7,2014,EMAIL,3517.95
1,2014,EMAIL,0.0
12,2012,EMAIL,0.0
7,2015,EMAIL,0.0
5,2015,EMAIL,0.0
12,2011,EMAIL,0.0
6,2010,EMAIL,0.0
7,2013,EMAIL,0.0
1,2013,EMAIL,0.0
1,2015,EMAIL,42.9
7,2016,EMAIL,0.0
12,2014,EMAIL,1429.5500000000002
5,2014,EMAIL,1290.7500000000007
6,2011,EMAIL,0.0
12,2010,EMAIL,0.0
7,2012,EMAIL,0.0
1,2012,EMAIL,0.0
8,2010,EMAIL,0.0
5,2013,EMAIL,0.0
1,2016,EMAIL,0.0
6,2012,EMAIL,0.0
7,2011,EMAIL,0.0
8,2011,EMAIL,0.0
5,2012,EMAIL,0.0
12,2013,EMAIL,0.0
2,2011,EMAIL,0.0
5,2010,EMAIL,0.0
10,2012,EMAIL,0.0
10,2014,EMAIL,116.85
11,2012,EMAIL,0.0
8,2016,EMAIL,0.0
9,2013,EMAIL,0.0
10,2011,EMAIL,0.0
6,2015,EMAIL,340.0
3,2016,EMAIL,34.95
4,2014,EMAIL,1439.89
4,2013,EMAIL,0.0
9,2011,EMAIL,0.0
10,2010,EMAIL,0.0
2,2013,EMAIL,0.0
9,2014,EMAIL,420.0
4,2010,EMAIL,0.0
9,2010,EMAIL,0.0
11,2011,EMAIL,0.0
2,2016,EMAIL,178.6
10,2015,EMAIL,6.99
2,2014,EMAIL,0.0
4,2015,EMAIL,0.0
10,2013,EMAIL,0.0
9,2015,EMAIL,0.0
9,2016,EMAIL,0.0
8,2014,EMAIL,0.0
3,2013,EMAIL,0.0
4,2011,EMAIL,0.0
3,2012,EMAIL,0.0
2,2015,EMAIL,49.94
9,2012,EMAIL,0.0
3,2010,EMAIL,0.0
4,2016,EMAIL,64.9
11,2013,EMAIL,0.0
2,2012,EMAIL,0.0
11,2010,EMAIL,0.0
8,2015,EMAIL,0.0
3,2011,EMAIL,0.0
3,2014,EMAIL,0.0
4,2012,EMAIL,0.0
3,2015,EMAIL,0.0
10,2015,EMPLOYEE,274.39
2,2015,EMPLOYEE,443.63
9,2013,EMPLOYEE,552.1
7,2014,EMPLOYEE,289.69
4,2010,EMPLOYEE,331.5
2,2011,EMPLOYEE,504.47
10,2010,EMPLOYEE,72.67
5,2016,EMPLOYEE,1131.8
6,2015,EMPLOYEE,154.25
1,2013,EMPLOYEE,749.86
12,2014,EMPLOYEE,1358.4199999999998
7,2011,EMPLOYEE,85.51
6,2012,EMPLOYEE,55.25
3,2010,EMPLOYEE,165.75
3,2015,EMPLOYEE,289.35999999999996
1,2011,EMPLOYEE,739.4100000000001
1,2012,EMPLOYEE,243.03
12,2013,EMPLOYEE,969.74
9,2015,EMPLOYEE,287.74
7,2012,EMPLOYEE,0.0
10,2013,EMPLOYEE,131.9
6,2011,EMPLOYEE,224.46999999999997
10,2014,EMPLOYEE,1070.3
6,2013,EMPLOYEE,432.61
2,2016,EMPLOYEE,219.51999999999998
3,2016,EMPLOYEE,464.98999999999995
1,2014,EMPLOYEE,221.61
9,2014,EMPLOYEE,866.48
7,2013,EMPLOYEE,492.04
7,2010,EMPLOYEE,71.28
6,2010,EMPLOYEE,194.33999999999997
12,2012,EMPLOYEE,3071.68
12,2011,EMPLOYEE,1130.23
2,2014,EMPLOYEE,25.46
3,2013,EMPLOYEE,281.73
11,2015,EMPLOYEE,1780.4900000000005
4,2014,EMPLOYEE,21.21
8,2011,EMPLOYEE,16.63
5,2012,EMPLOYEE,151.4
12,2015,EMPLOYEE,5911.859999999998
8,2016,EMPLOYEE,79.68
11,2012,EMPLOYEE,2199.72
2,2012,EMPLOYEE,697.24
4,2015,EMPLOYEE,44.93
1,2010,EMPLOYEE,1020.0
4,2011,EMPLOYEE,29.75
8,2012,EMPLOYEE,364.53
5,2011,EMPLOYEE,181.01
8,2015,EMPLOYEE,119.96
2,2010,EMPLOYEE,191.21
11,2014,EMPLOYEE,1166.46
4,2016,EMPLOYEE,230.73000000000002
3,2012,EMPLOYEE,325.97
8,2013,EMPLOYEE,101.84
5,2010,EMPLOYEE,165.75
8,2014,EMPLOYEE,381.90000000000003
11,2013,EMPLOYEE,508.63000000000005
10,2011,EMPLOYEE,1533.96
1,2016,EMPLOYEE,309.29999999999995
3,2014,EMPLOYEE,141.75
6,2016,EMPLOYEE,2009.79
9,2016,EMPLOYEE,0.0
4,2012,EMPLOYEE,114.89
5,2015,EMPLOYEE,588.73
3,2011,EMPLOYEE,63.75
9,2011,EMPLOYEE,157.2
7,2016,EMPLOYEE,2102.57
2,2013,EMPLOYEE,570.4100000000001
5,2014,EMPLOYEE,195.38000000000002
1,2015,EMPLOYEE,442.0100000000001
10,2012,EMPLOYEE,2519.79
12,2010,EMPLOYEE,1544.94
7,2015,EMPLOYEE,499.71
4,2013,EMPLOYEE,150.5
6,2014,EMPLOYEE,140.34
9,2010,EMPLOYEE,100.29
8,2010,EMPLOYEE,241.32
5,2013,EMPLOYEE,165.75
11,2011,EMPLOYEE,708.09
11,2010,EMPLOYEE,997.9999999999999
9,2012,EMPLOYEE,45.01
10,2010,INSERT,0.0
10,2012,INSERT,0.0
10,2011,INSERT,998.1400000000004
12,2015,INSERT,352.24999999999994
6,2016,INSERT,0.0
12,2014,INSERT,563.36
7,2010,INSERT,0.0
11,2013,INSERT,6881.949999999981
10,2013,INSERT,3237.8499999999954
8,2013,INSERT,2743.7000000000016
8,2014,INSERT,3309.969999999996
11,2014,INSERT,1879.7000000000003
8,2012,INSERT,64.9
8,2015,INSERT,55.92
11,2012,INSERT,80.85000000000001
8,2016,INSERT,0.0
8,2011,INSERT,7219.929999999984
11,2015,INSERT,473.13
11,2011,INSERT,5625.469999999999
8,2010,INSERT,0.0
9,2010,INSERT,0.0
12,2010,INSERT,0.0
7,2016,INSERT,0.0
9,2011,INSERT,1957.180000000001
11,2010,INSERT,0.0
7,2015,INSERT,754.0999999999999
9,2012,INSERT,29.95
12,2011,INSERT,4045.05
7,2014,INSERT,6021.149999999985
9,2013,INSERT,7931.049999999971
12,2012,INSERT,0.0
7,2013,INSERT,3304.950000000001
9,2014,INSERT,3442.2199999999943
10,2014,INSERT,4932.099999999988
7,2012,INSERT,26.75
12,2013,INSERT,6014.529999999992
9,2015,INSERT,401.25
7,2011,INSERT,2317.1599999999994
9,2016,INSERT,0.0
10,2015,INSERT,0.0
6,2015,INSERT,1063.41
5,2015,INSERT,96.55000000000001
2,2016,INSERT,0.0
1,2012,INSERT,413.48
4,2014,INSERT,19983.370000000104
1,2016,INSERT,0.0
3,2012,INSERT,20.0
4,2015,INSERT,0.0
5,2012,INSERT,0.0
6,2012,INSERT,80.14
3,2011,INSERT,0.0
3,2013,INSERT,1916.2500000000055
1,2013,INSERT,3076.949999999989
4,2016,INSERT,0.0
6,2010,INSERT,0.0
3,2010,INSERT,0.0
1,2014,INSERT,8064.5499999999765
2,2015,INSERT,323.73999999999995
6,2011,INSERT,7435.659999999994
5,2010,INSERT,0.0
1,2015,INSERT,239.85000000000002
5,2011,INSERT,43775.83999999999
2,2014,INSERT,6804.199999999982
6,2013,INSERT,1686.4000000000035
2,2013,INSERT,2518.499999999998
6,2014,INSERT,7567.319999999983
5,2014,INSERT,8745.369999999984
3,2015,INSERT,224.69
5,2013,INSERT,2922.599999999993
4,2012,INSERT,0.0
1,2010,INSERT,0.0
3,2016,INSERT,0.0
2,2012,INSERT,49.870000000000005
2,2010,INSERT,0.0
1,2011,INSERT,0.0
2,2011,INSERT,0.0
3,2014,INSERT,6047.90999999999
4,2010,INSERT,0.0
5,2016,INSERT,0.0
4,2013,INSERT,2731.4999999999955
4,2011,INSERT,0.0
2,2011,INTERNAL,0.0
11,2013,INTERNAL,0.0
5,2014,INTERNAL,0.0
10,2015,INTERNAL,89.82
5,2011,INTERNAL,0.0
8,2010,INTERNAL,0.0
8,2011,INTERNAL,0.0
7,2016,INTERNAL,0.0
11,2012,INTERNAL,0.0
5,2012,INTERNAL,0.0
11,2010,INTERNAL,0.0
4,2010,INTERNAL,0.0
2,2012,INTERNAL,0.0
5,2013,INTERNAL,0.0
11,2011,INTERNAL,0.0
2,2014,INTERNAL,0.0
8,2012,INTERNAL,0.0
6,2015,INTERNAL,178.04000000000002
10,2014,INTERNAL,0.0
9,2013,INTERNAL,0.0
9,2012,INTERNAL,0.0
4,2011,INTERNAL,0.0
3,2016,INTERNAL,185.8
9,2014,INTERNAL,0.0
3,2015,INTERNAL,1105.17
9,2011,INTERNAL,0.0
4,2012,INTERNAL,0.0
9,2015,INTERNAL,17.45
3,2014,INTERNAL,0.0
9,2016,INTERNAL,0.0
9,2010,INTERNAL,0.0
4,2013,INTERNAL,0.0
3,2013,INTERNAL,0.0
2,2015,INTERNAL,265.7
10,2010,INTERNAL,0.0
4,2014,INTERNAL,0.0
3,2012,INTERNAL,0.0
10,2011,INTERNAL,0.0
8,2015,INTERNAL,9222.04
4,2015,INTERNAL,2727.6899999999996
3,2011,INTERNAL,0.0
10,2012,INTERNAL,0.0
8,2014,INTERNAL,0.0
7,2015,INTERNAL,432.7
3,2010,INTERNAL,0.0
10,2013,INTERNAL,0.0
8,2013,INTERNAL,0.0
5,2010,INTERNAL,0.0
2,2016,INTERNAL,29.9
8,2016,INTERNAL,0.0
4,2016,INTERNAL,0.0
2,2013,INTERNAL,0.0
12,2011,INTERNAL,0.0
12,2013,INTERNAL,0.0
6,2012,INTERNAL,0.0
7,2014,INTERNAL,0.0
5,2016,INTERNAL,56.25
1,2011,INTERNAL,0.0
12,2012,INTERNAL,0.0
7,2011,INTERNAL,0.0
1,2016,INTERNAL,0.0
12,2010,INTERNAL,0.0
1,2015,INTERNAL,0.0
6,2013,INTERNAL,0.0
7,2010,INTERNAL,0.0
6,2010,INTERNAL,0.0
7,2013,INTERNAL,0.0
11,2015,INTERNAL,105.0
6,2016,INTERNAL,0.0
12,2014,INTERNAL,0.0
6,2014,INTERNAL,0.0
5,2015,INTERNAL,57.94
12,2015,INTERNAL,0.0
1,2010,INTERNAL,0.0
6,2011,INTERNAL,0.0
7,2012,INTERNAL,0.0
2,2010,INTERNAL,0.0
1,2012,INTERNAL,0.0
11,2014,INTERNAL,0.0
1,2013,INTERNAL,0.0
1,2014,INTERNAL,0.0
3,2010,MAIL,0.0
1,2012,MAIL,0.0
4,2014,MAIL,76.5
4,2016,MAIL,1156.5500000000004
3,2011,MAIL,0.0
1,2013,MAIL,0.0
12,2012,MAIL,0.0
6,2012,MAIL,0.0
8,2014,MAIL,78.66
4,2015,MAIL,7074.3
10,2011,MAIL,0.0
7,2011,MAIL,312.0
10,2012,MAIL,0.0
3,2012,MAIL,20.25
8,2015,MAIL,821.41
7,2015,MAIL,1677.7400000000005
10,2010,MAIL,0.0
6,2015,MAIL,3393.3300000000004
9,2013,MAIL,0.0
3,2016,MAIL,1011.6
9,2012,MAIL,0.0
12,2015,MAIL,764.1200000000001
4,2011,MAIL,0.0
1,2010,MAIL,0.0
9,2014,MAIL,1996.61
3,2015,MAIL,2297.92
6,2014,MAIL,1519.43
9,2011,MAIL,0.0
8,2016,MAIL,323.05
6,2016,MAIL,1260.8000000000002
4,2012,MAIL,0.0
9,2015,MAIL,3005.280000000002
3,2014,MAIL,0.0
1,2011,MAIL,312.03000000000003
9,2010,MAIL,0.0
12,2013,MAIL,0.0
6,2013,MAIL,0.0
4,2013,MAIL,0.0
9,2016,MAIL,10.75
12,2011,MAIL,10.95
7,2010,MAIL,0.0
12,2014,MAIL,3513.1399999999994
3,2013,MAIL,0.0
4,2010,MAIL,0.0
10,2013,MAIL,0.0
7,2013,MAIL,0.0
8,2011,MAIL,720.0
1,2015,MAIL,1621.91
5,2012,MAIL,0.0
6,2011,MAIL,312.0
11,2010,MAIL,0.0
2,2013,MAIL,0.0
1,2016,MAIL,1962.3100000000002
8,2010,MAIL,0.0
5,2016,MAIL,1420.7600000000011
2,2014,MAIL,0.0
5,2013,MAIL,0.0
2,2012,MAIL,0.0
7,2014,MAIL,593.5000000000001
11,2012,MAIL,0.0
7,2016,MAIL,989.9000000000007
11,2014,MAIL,3962.86
5,2014,MAIL,1674.9100000000003
2,2011,MAIL,0.0
2,2010,MAIL,0.0
5,2015,MAIL,5031.219999999999
11,2013,MAIL,0.0
11,2011,MAIL,25.0
10,2015,MAIL,1773.2000000000007
11,2015,MAIL,1621.8600000000004
1,2014,MAIL,0.0
5,2010,MAIL,0.0
8,2012,MAIL,0.0
2,2016,MAIL,532.2
2,2015,MAIL,1950.8900000000003
12,2010,MAIL,9000.819999999996
8,2013,MAIL,0.0
7,2012,MAIL,0.0
10,2014,MAIL,1736.3899999999999
6,2010,MAIL,0.0
5,2011,MAIL,22.5
11,2014,PARTNER,183691.75999999975
3,2015,PARTNER,92669.46999999895
3,2010,PARTNER,13523.949999999997
12,2014,PARTNER,314392.240000004
1,2016,PARTNER,79604.24999999985
10,2012,PARTNER,31414.12000000004
10,2010,PARTNER,41090.03000000002
11,2012,PARTNER,141465.70999999964
1,2013,PARTNER,71060.19000000002
2,2010,PARTNER,2415.3700000000003
2,2016,PARTNER,59610.87000000002
3,2016,PARTNER,108176.42999999976
9,2013,PARTNER,28511.890000000083
10,2013,PARTNER,29019.350000000108
12,2015,PARTNER,212865.91000000108
11,2013,PARTNER,106156.12999999935
1,2010,PARTNER,10238.509999999998
2,2011,PARTNER,60313.02000000002
1,2014,PARTNER,42350.70000000003
11,2011,PARTNER,98481.91999999837
10,2015,PARTNER,74726.82000000015
2,2014,PARTNER,21635.66000000004
1,2012,PARTNER,68260.73999999964
12,2012,PARTNER,133169.2799999999
1,2015,PARTNER,77144.23999999985
11,2015,PARTNER,221445.1600000006
10,2011,PARTNER,52466.50999999993
3,2013,PARTNER,45901.83000000006
9,2016,PARTNER,13329.959999999997
2,2012,PARTNER,55089.64999999994
12,2010,PARTNER,138542.1899999994
2,2013,PARTNER,37387.090000000026
12,2013,PARTNER,156380.71999999977
1,2011,PARTNER,96654.79999999942
2,2015,PARTNER,93902.2999999995
10,2014,PARTNER,93735.99000000003
3,2011,PARTNER,77243.86999999986
3,2014,PARTNER,42190.380000000056
9,2015,PARTNER,57051.98999999993
3,2012,PARTNER,53758.24000000031
11,2010,PARTNER,124963.60999999946
12,2011,PARTNER,107923.38999999875
9,2014,PARTNER,95024.84999999942
4,2012,PARTNER,35906.45000000006
9,2011,PARTNER,43477.47000000002
8,2016,PARTNER,72731.12999999999
6,2011,PARTNER,35514.85000000009
7,2012,PARTNER,41357.34000000002
5,2012,PARTNER,33078.99000000013
8,2015,PARTNER,71692.09999999983
6,2010,PARTNER,60012.66999999998
7,2013,PARTNER,46085.82999999995
4,2010,PARTNER,52945.270000000004
8,2011,PARTNER,70115.38999999937
8,2010,PARTNER,40038.499999999985
9,2010,PARTNER,57302.6099999999
4,2013,PARTNER,50435.27
5,2016,PARTNER,89955.66000000002
7,2014,PARTNER,100326.80999999831
4,2016,PARTNER,64479.48999999995
5,2015,PARTNER,77713.93999999992
7,2016,PARTNER,110853.46
7,2015,PARTNER,79625.95000000019
5,2014,PARTNER,108081.25999999969
5,2013,PARTNER,39964.91999999999
4,2015,PARTNER,50928.47999999984
4,2014,PARTNER,86284.51000000002
6,2013,PARTNER,45766.309999999925
6,2014,PARTNER,114763.16000000028
6,2016,PARTNER,109082.22999999949
7,2011,PARTNER,44590.85000000002
9,2012,PARTNER,31573.10000000006
4,2011,PARTNER,30313.470000000136
5,2010,PARTNER,48654.26000000001
8,2013,PARTNER,29219.81000000006
8,2012,PARTNER,45721.33999999998
5,2011,PARTNER,33985.75000000005
6,2015,PARTNER,110272.7900000002
8,2014,PARTNER,74721.90999999945
6,2012,PARTNER,39350.100000000035
7,2010,PARTNER,48658.51999999989
2,2016,REFERRAL,4210.399999999998
7,2016,REFERRAL,18923.649999999998
8,2013,REFERRAL,134.85
2,2012,REFERRAL,60.6
11,2011,REFERRAL,697.2300000000001
5,2013,REFERRAL,832.7
11,2012,REFERRAL,734.5100000000002
2,2014,REFERRAL,227.35999999999999
10,2014,REFERRAL,3503.4800000000005
2,2015,REFERRAL,2660.97
8,2010,REFERRAL,462.74
8,2012,REFERRAL,75.25
11,2010,REFERRAL,2601.34
5,2012,REFERRAL,452.3
5,2011,REFERRAL,349.9
10,2015,REFERRAL,4332.57
8,2011,REFERRAL,199.69
5,2010,REFERRAL,515.99
4,2010,REFERRAL,728.4300000000001
1,2016,REFERRAL,1667.4000000000005
5,2014,REFERRAL,4568.659999999997
12,2015,REFERRAL,7532.119999999992
6,2015,REFERRAL,2584.4999999999986
6,2014,REFERRAL,3708.699999999994
1,2010,REFERRAL,747.3100000000001
12,2014,REFERRAL,4513.639999999998
6,2016,REFERRAL,4971.839999999997
1,2011,REFERRAL,2152.42
12,2013,REFERRAL,1008.88
6,2013,REFERRAL,794.63
7,2010,REFERRAL,13.95
1,2012,REFERRAL,351.40000000000003
12,2012,REFERRAL,1603.26
6,2012,REFERRAL,57.45
7,2011,REFERRAL,282.76
1,2013,REFERRAL,1149.93
12,2011,REFERRAL,1050.93
6,2011,REFERRAL,506.35999999999996
7,2015,REFERRAL,1692.1000000000004
11,2013,REFERRAL,1647.5700000000006
2,2010,REFERRAL,307.44
5,2015,REFERRAL,3765.4500000000003
7,2014,REFERRAL,1905.400000000001
11,2014,REFERRAL,3453.429999999999
2,2011,REFERRAL,327.52
5,2016,REFERRAL,3506.7599999999993
1,2015,REFERRAL,1200.2200000000003
7,2013,REFERRAL,117.46000000000001
6,2010,REFERRAL,697.8099999999998
12,2010,REFERRAL,2452.92
1,2014,REFERRAL,1796.8300000000002
7,2012,REFERRAL,1125.15
11,2015,REFERRAL,5588.839999999995
10,2013,REFERRAL,800.75
2,2013,REFERRAL,721.28
4,2011,REFERRAL,280.24999999999994
3,2013,REFERRAL,2791.8999999999996
3,2011,REFERRAL,598.0200000000001
9,2011,REFERRAL,269.58
8,2015,REFERRAL,1400.8600000000004
9,2016,REFERRAL,1142.45
4,2015,REFERRAL,2324.05
4,2013,REFERRAL,637.45
9,2010,REFERRAL,2202.0
9,2014,REFERRAL,1266.14
3,2016,REFERRAL,2458.1
8,2014,REFERRAL,2085.67
3,2015,REFERRAL,2091.7000000000003
10,2011,REFERRAL,289.93
10,2012,REFERRAL,486.5
9,2013,REFERRAL,613.12
4,2014,REFERRAL,2155.0800000000004
4,2012,REFERRAL,103.36
4,2016,REFERRAL,2429.75
9,2015,REFERRAL,1512.6600000000003
9,2012,REFERRAL,331.39
3,2014,REFERRAL,4371.909999999999
3,2012,REFERRAL,206.92999999999998
3,2010,REFERRAL,367.51
10,2010,REFERRAL,955.7599999999999
8,2016,REFERRAL,1529.6500000000008
8,2016,SURVEY,0.0
12,2015,SURVEY,0.0
11,2013,SURVEY,0.0
2,2011,SURVEY,0.0
11,2012,SURVEY,0.0
10,2010,SURVEY,0.0
1,2012,SURVEY,0.0
7,2010,SURVEY,0.0
4,2011,SURVEY,0.0
2,2010,SURVEY,0.0
4,2013,SURVEY,0.0
5,2014,SURVEY,0.0
7,2015,SURVEY,0.0
3,2013,SURVEY,0.0
3,2012,SURVEY,0.0
12,2012,SURVEY,0.0
4,2012,SURVEY,0.0
7,2012,SURVEY,0.0
9,2015,SURVEY,0.0
1,2014,SURVEY,0.0
9,2011,SURVEY,0.0
12,2010,SURVEY,0.0
12,2011,SURVEY,0.0
6,2010,SURVEY,0.0
1,2013,SURVEY,0.0
3,2014,SURVEY,0.0
1,2015,SURVEY,0.0
7,2011,SURVEY,0.0
11,2015,SURVEY,0.0
9,2010,SURVEY,0.0
7,2013,SURVEY,0.0
3,2015,SURVEY,0.0
5,2016,SURVEY,0.0
9,2016,SURVEY,23.96
1,2016,SURVEY,0.0
11,2014,SURVEY,0.0
9,2014,SURVEY,0.0
4,2016,SURVEY,0.0
7,2014,SURVEY,0.0
5,2015,SURVEY,0.0
6,2012,SURVEY,0.0
6,2011,SURVEY,0.0
12,2013,SURVEY,0.0
2,2014,SURVEY,0.0
9,2013,SURVEY,0.0
7,2016,SURVEY,0.0
10,2015,SURVEY,0.0
5,2011,SURVEY,0.0
4,2015,SURVEY,0.0
1,2010,SURVEY,0.0
8,2014,SURVEY,0.0
8,2012,SURVEY,0.0
2,2015,SURVEY,0.0
9,2012,SURVEY,0.0
10,2014,SURVEY,0.0
6,2014,SURVEY,0.0
5,2010,SURVEY,0.0
10,2012,SURVEY,0.0
6,2015,SURVEY,0.0
3,2010,SURVEY,0.0
2,2016,SURVEY,0.0
10,2013,SURVEY,0.0
8,2013,SURVEY,0.0
4,2010,SURVEY,0.0
8,2011,SURVEY,0.0
3,2011,SURVEY,0.0
12,2014,SURVEY,0.0
3,2016,SURVEY,0.0
8,2015,SURVEY,0.0
8,2010,SURVEY,0.0
6,2013,SURVEY,0.0
11,2011,SURVEY,0.0
2,2013,SURVEY,0.0
4,2014,SURVEY,0.0
1,2011,SURVEY,0.0
11,2010,SURVEY,0.0
5,2012,SURVEY,0.0
2,2012,SURVEY,0.0
10,2011,SURVEY,0.0
5,2013,SURVEY,0.0
6,2016,SURVEY,0.0
4,2010,WEB,0.0
9,2012,WEB,34089.670000000006
12,2013,WEB,361484.5900000109
1,2011,WEB,21612.04000000001
6,2015,WEB,80309.93999999964
4,2011,WEB,16999.47000000001
12,2011,WEB,50408.72999999997
1,2013,WEB,66951.73000000005
6,2011,WEB,13578.329999999985
7,2011,WEB,12569.079999999998
7,2010,WEB,0.0
9,2011,WEB,17728.109999999997
3,2016,WEB,107518.31999999969
6,2012,WEB,21179.54000000001
6,2013,WEB,52159.84999999996
1,2010,WEB,0.0
3,2015,WEB,70774.08999999987
1,2012,WEB,29287.180000000015
6,2016,WEB,102279.8399999995
12,2014,WEB,227375.64000000045
9,2014,WEB,81574.31999999964
9,2013,WEB,71714.23999999983
12,2012,WEB,124884.09999999966
6,2014,WEB,94120.84999999829
4,2016,WEB,92196.96999999972
3,2013,WEB,46408.19000000001
12,2010,WEB,4882.829999999998
11,2011,WEB,42832.27
4,2014,WEB,64073.959999999664
8,2015,WEB,57910.87999999997
8,2010,WEB,0.0
5,2012,WEB,18581.400000000012
2,2013,WEB,42337.63000000001
11,2010,WEB,170.45
10,2011,WEB,21120.819999999992
3,2011,WEB,23779.189999999988
8,2011,WEB,16311.809999999994
2,2014,WEB,79535.40999999979
2,2012,WEB,30367.25
10,2015,WEB,62717.07999999987
4,2015,WEB,52670.449999999975
8,2014,WEB,64517.85999999973
2,2015,WEB,60746.5800000001
10,2014,WEB,75544.16999999955
8,2012,WEB,28233.620000000003
5,2010,WEB,0.0
10,2012,WEB,30473.10999999998
3,2010,WEB,0.0
2,2016,WEB,67392.49999999993
10,2013,WEB,51884.77999999992
8,2013,WEB,56189.56999999988
5,2011,WEB,17219.939999999984
1,2014,WEB,130493.15999999963
5,2013,WEB,70549.60999999996
3,2012,WEB,20918.97000000004
9,2015,WEB,63265.46999999986
7,2012,WEB,16932.370000000017
6,2010,WEB,0.0
3,2014,WEB,108224.83999999962
4,2012,WEB,17412.00000000001
9,2010,WEB,0.0
1,2015,WEB,86513.87
11,2015,WEB,130994.44999999907
7,2013,WEB,63878.379999999794
5,2016,WEB,112663.31999999957
1,2016,WEB,87307.37999999971
7,2016,WEB,85060.18999999973
11,2014,WEB,118185.17999999813
7,2014,WEB,66618.34999999954
5,2015,WEB,69966.60000000005
2,2010,WEB,0.0
11,2013,WEB,147018.55999999994
4,2013,WEB,69421.5999999997
8,2016,WEB,70022.04999999967
7,2015,WEB,62073.54
5,2014,WEB,83614.89999999886
2,2011,WEB,12909.67
11,2012,WEB,89451.05999999988
10,2010,WEB,0.0
9,2016,WEB,22122.08000000005
12,2015,WEB,192620.69999999952
